No,起動_0秒後,起動_0.1秒後,起動_0.2秒後,起動_0.3秒後,起動_0.4秒後,起動_0.5秒後,起動_0.6秒後,起動_0.7秒後,起動_0.8秒後,起動_0.9秒後,起動_1.0秒後,起動_1.1秒後,起動_1.2秒後,起動_1.3秒後,起動_1.4秒後,起動_1.5秒後,起動_1.6秒後,起動_1.7秒後,起動_1.8秒後,起動_1.9秒後,起動_2.0秒後,起動_2.1秒後,起動_2.2秒後,起動_2.3秒後,起動_2.4秒後,起動_2.5秒後,起動_2.6秒後,起動_2.7秒後,起動_2.8秒後,起動_2.9秒後,起動_3.0秒後,起動_3.1秒後,起動_3.2秒後,起動_3.3秒後,起動_3.4秒後,起動_3.5秒後,起動_3.6秒後,起動_3.7秒後,起動_3.8秒後,起動_3.9秒後,起動_4.0秒後,起動_4.1秒後,起動_4.2秒後,起動_4.3秒後,起動_4.4秒後,起動_4.5秒後,起動_4.6秒後,起動_4.7秒後,起動_4.8秒後,起動_4.9秒後,起動_5.0秒後
1,0.000,1.741,2.408,3.031,3.624,4.193,4.743,5.278,5.800,6.310,6.809,7.300,7.783,8.259,8.727,9.190,9.646,10.098,10.544,10.986,11.423,11.856,12.285,12.711,13.133,13.551,13.967,14.379,14.788,15.195,15.599,16.000,16.399,16.795,17.189,17.581,17.971,18.358,18.744,19.127,19.509,19.600,20.000,20.000,20.000,20.000,20.000,20.000,20.000,20.000,20.000
2,0.000,1.826,2.442,3.066,3.630,4.238,4.787,5.316,5.805,6.323,6.904,7.307,7.863,8.264,8.768,9.286,9.704,10.145,10.566,10.995,11.423,11.896,12.356,12.715,13.201,13.580,14.028,14.426,14.795,15.228,15.683,16.032,16.456,16.853,17.261,17.616,18.047,18.407,18.808,19.185,19.540,19.688,20.064,20.060,20.069,20.004,20.010,20.081,20.008,20.078,20.050
3,0.000,1.837,2.416,3.044,3.649,4.234,4.779,5.336,5.812,6.329,6.839,7.307,7.805,8.328,8.824,9.273,9.734,10.133,10.573,11.029,11.502,11.885,12.365,12.778,13.220,13.640,14.053,14.404,14.857,15.279,15.643,16.058,16.464,16.851,17.228,17.584,17.982,18.452,18.794,19.165,19.584,19.606,20.014,20.045,20.082,20.018,20.040,20.058,20.061,20.072,20.032
4,0.000,1.816,2.486,3.052,3.693,4.224,4.807,5.329,5.859,6.394,6.853,7.323,7.846,8.282,8.740,9.239,9.698,10.132,10.590,11.003,11.523,11.903,12.311,12.721,13.197,13.570,13.987,14.437,14.809,15.252,15.671,16.065,16.429,16.893,17.263,17.606,18.069,18.359,18.774,19.224,19.539,19.608,22.000,20.032,20.056,20.002,20.016,20.060,20.076,20.084,20.099
5,0.000,1.774,2.456,3.100,3.714,4.194,4.824,5.304,5.824,6.403,6.900,7.326,7.864,8.315,8.762,9.257,9.694,10.186,10.594,11.052,11.478,11.929,12.370,12.797,13.181,13.573,13.988,14.440,14.829,15.245,15.667,16.081,16.457,16.843,17.238,17.629,18.050,18.418,18.763,19.223,19.526,19.657,20.041,20.092,20.043,20.099,20.046,20.005,20.001,20.098,20.054
6,0.000,1.797,2.488,3.057,3.629,4.279,4.838,5.369,5.837,6.310,6.841,7.366,7.794,8.309,8.763,9.249,9.737,10.133,10.599,11.072,11.520,11.859,12.340,12.807,13.164,13.562,14.039,14.397,14.806,15.233,15.686,16.015,16.401,16.864,17.228,17.680,17.988,18.451,18.840,19.190,19.534,19.633,20.010,20.041,20.092,20.045,20.005,20.046,20.033,20.036,20.072
7,0.000,1.830,2.464,3.119,3.671,4.291,4.778,5.365,5.822,6.389,6.868,7.373,7.875,8.278,8.774,9.212,9.665,10.178,10.549,10.988,11.510,11.908,12.309,12.753,13.189,13.583,14.042,14.414,14.835,15.276,15.686,16.056,16.429,16.884,17.232,17.639,18.008,18.372,18.790,19.207,19.573,19.600,20.096,20.061,20.022,20.055,20.058,20.067,20.034,20.016,20.081
8,0.000,1.811,2.491,3.041,3.693,4.233,4.836,5.292,5.876,6.382,6.890,7.358,7.810,8.310,8.798,9.250,9.735,10.145,10.630,11.059,11.476,11.861,12.352,12.731,13.176,13.571,14.055,14.431,14.806,15.196,15.658,16.070,16.497,16.850,17.195,17.646,18.034,18.447,18.816,19.168,19.598,19.663,20.032,20.042,20.014,20.073,20.072,20.100,20.090,20.025,20.077
9,0.000,1.824,2.500,3.121,3.663,4.271,4.761,5.304,5.870,6.391,6.814,7.353,7.783,8.344,8.786,9.275,9.654,10.173,10.569,11.077,11.433,11.948,12.373,12.789,13.191,13.610,13.978,14.412,14.846,15.211,15.655,16.022,16.423,16.875,17.193,17.654,17.993,18.389,18.833,19.210,19.578,19.675,20.080,20.041,20.044,20.012,20.080,20.080,20.087,20.060,20.011
10,0.000,1.797,2.487,3.073,3.649,4.256,4.749,5.370,5.806,6.376,6.828,7.365,7.869,8.315,8.807,9.259,9.737,10.194,10.634,11.016,11.443,11.900,12.315,12.754,13.226,13.643,14.051,14.406,14.843,15.269,15.699,16.083,16.442,16.853,17.213,17.617,17.990,18.383,18.762,19.140,19.567,19.633,20.036,20.072,20.094,20.035,20.011,20.025,20.000,20.020,20.014
11,0.000,1.809,2.442,3.074,3.671,4.274,4.766,5.283,5.870,6.335,6.888,7.389,7.851,8.342,8.747,9.248,9.710,10.153,10.556,11.025,11.514,11.913,12.286,12.732,13.194,13.593,14.047,14.450,14.883,15.288,15.643,16.041,16.448,16.862,17.236,17.653,18.053,18.373,18.794,19.183,19.597,19.604,20.100,20.057,20.029,20.011,20.056,20.003,20.025,20.030,20.000
12,0.000,1.812,2.442,3.113,3.723,4.225,4.809,5.297,5.817,6.377,6.867,7.394,7.818,8.288,8.795,9.242,9.706,10.172,10.634,11.062,11.444,11.857,12.362,12.736,13.140,13.554,14.062,14.449,14.881,15.224,15.640,16.072,16.412,16.882,17.273,17.631,18.036,18.365,18.748,19.132,19.531,19.654,20.003,20.016,20.029,20.022,20.045,20.065,20.099,20.000,20.006
13,0.000,1.779,2.440,3.064,3.673,4.268,4.812,5.343,5.856,6.404,6.885,7.319,7.811,8.349,8.804,9.272,9.689,10.159,10.570,11.060,11.523,11.881,12.356,12.782,13.169,13.555,14.061,14.413,14.883,15.210,15.632,16.088,16.465,16.824,17.255,17.629,17.972,18.413,18.824,19.178,19.542,19.678,20.006,20.032,20.024,20.043,20.081,20.035,20.043,20.039,20.031
14,0.000,1.772,2.482,3.129,3.680,4.261,4.788,5.288,5.857,6.368,6.868,7.325,7.817,8.319,8.751,9.242,9.688,10.157,10.615,11.005,11.434,11.869,12.313,12.755,13.146,13.605,14.066,14.451,14.824,15.229,15.697,16.059,16.471,16.811,17.281,17.636,17.977,18.444,18.782,19.173,19.604,19.646,20.082,20.058,20.012,20.063,20.012,20.022,20.013,20.029,20.001
15,0.000,1.807,2.431,3.082,3.625,4.221,4.800,5.351,5.816,6.355,6.854,7.304,7.863,8.333,8.755,9.249,9.655,10.184,10.584,10.997,11.515,11.946,12.366,12.719,13.195,13.650,13.980,14.477,14.831,15.252,15.635,16.092,16.497,16.866,17.268,17.627,18.018,18.373,18.744,19.191,19.522,19.628,20.089,20.085,20.026,20.032,20.058,20.047,20.037,20.027,20.073
16,0.000,1.832,2.421,3.068,3.660,4.196,4.802,5.295,6.200,6.300,7.000,7.400,7.300,8.336,8.785,9.262,9.681,10.108,10.611,11.074,11.457,11.889,12.361,12.771,13.180,13.588,13.983,14.439,14.868,15.267,15.647,16.029,16.482,16.854,17.206,17.666,18.015,18.399,18.827,19.174,19.557,19.620,20.025,20.048,20.012,20.049,20.036,20.004,20.043,20.020,20.002
17,0.000,1.789,2.452,3.033,3.710,4.232,4.816,5.300,5.899,6.338,6.842,7.353,7.812,8.292,8.806,9.208,9.695,10.117,10.581,11.078,11.503,11.955,12.338,12.757,13.198,13.646,13.972,14.440,14.837,15.211,15.641,16.073,16.408,16.881,17.195,17.609,18.050,18.449,18.841,19.210,19.605,19.630,20.055,20.004,20.018,20.069,20.051,20.044,20.032,20.002,20.094
18,0.000,1.800,2.454,3.115,3.686,4.233,4.753,5.306,5.879,6.326,6.909,7.378,7.819,8.277,8.769,9.240,9.726,10.162,10.596,11.078,11.441,11.936,12.385,12.759,13.212,13.630,14.047,14.429,14.872,15.221,15.676,16.049,16.424,16.819,17.226,17.626,17.991,18.446,18.746,19.189,19.591,19.604,20.076,20.039,20.035,20.096,20.051,20.065,20.031,20.072,20.078
19,0.000,1.805,2.435,3.120,3.645,4.225,4.812,5.292,5.886,6.353,6.907,7.303,7.873,8.280,8.728,9.198,9.700,10.130,10.598,11.063,11.458,11.912,12.307,12.743,13.156,13.575,13.981,14.465,14.881,15.268,15.682,16.062,16.431,16.886,17.206,17.674,17.996,18.455,18.752,19.159,19.601,19.614,20.007,20.076,20.022,20.085,20.076,20.029,20.026,20.012,20.087
20,0.000,1.746,2.490,3.084,3.654,4.224,4.777,5.347,5.805,6.404,6.842,7.364,7.811,8.323,8.793,9.198,9.743,10.139,10.626,10.987,11.519,11.863,12.370,12.764,13.184,13.631,14.063,14.430,14.875,15.214,15.685,16.001,16.455,16.869,17.286,17.667,18.033,18.358,18.833,19.208,19.509,19.680,20.098,20.032,20.071,20.060,20.059,20.046,20.061,20.064,20.003
21,0.000,1.753,2.441,3.082,3.688,4.236,4.775,5.319,5.813,6.329,6.851,7.369,7.854,8.311,8.788,9.262,9.703,10.129,10.617,11.059,11.456,11.886,12.287,12.778,13.180,13.651,14.008,14.418,14.818,15.260,15.613,16.027,16.482,16.806,17.239,17.605,17.990,18.383,18.801,19.185,19.513,19.661,20.067,20.064,20.077,20.041,20.089,20.049,20.046,20.009,20.004
22,0.000,1.838,2.419,3.045,3.716,4.279,4.753,5.374,5.831,6.336,6.839,7.321,7.825,8.286,8.782,9.258,9.726,10.164,10.624,11.064,11.515,11.874,12.339,12.712,13.139,13.575,13.968,14.438,14.831,15.215,15.635,16.051,16.423,16.797,17.262,17.676,18.045,18.432,18.760,19.137,19.578,19.632,20.026,20.028,20.022,20.065,20.013,20.002,20.059,20.029,20.009
23,0.000,1.834,2.427,3.098,3.706,4.220,4.818,5.363,5.867,6.352,6.843,7.361,7.854,8.300,8.740,9.263,9.689,10.167,10.618,11.048,11.440,11.857,12.359,12.732,13.188,13.638,13.992,14.431,14.866,15.276,15.671,16.060,16.460,16.892,17.278,17.651,17.991,18.412,18.839,19.189,19.591,19.607,20.019,20.049,20.035,20.021,20.010,20.012,20.081,20.015,20.068
24,0.000,1.829,2.489,3.131,3.672,4.281,4.782,5.340,5.894,6.399,6.825,7.386,7.838,8.350,8.820,9.223,9.714,10.170,10.585,10.993,11.468,11.875,12.297,12.800,13.206,13.592,14.021,14.403,14.843,15.264,15.650,16.033,16.405,16.805,17.284,17.585,18.046,18.435,18.758,19.177,19.585,19.601,20.002,20.023,20.042,20.050,20.036,20.077,20.096,20.078,20.069
25,0.000,1.828,2.416,3.058,3.715,4.286,4.764,5.280,5.821,6.383,6.819,7.388,7.870,8.270,8.758,9.218,9.677,10.162,10.576,11.085,11.430,11.864,12.382,12.808,13.151,13.600,14.047,14.390,14.850,15.257,15.611,16.033,16.422,16.891,17.236,17.591,17.990,18.431,18.824,19.183,19.581,19.600,20.065,20.075,20.047,20.032,20.007,20.030,20.099,20.033,20.073
26,0.000,1.782,2.430,3.099,3.643,4.292,4.765,5.289,5.842,6.360,6.860,7.308,7.798,8.274,8.783,9.222,9.707,10.182,10.596,11.078,11.453,11.866,12.310,12.771,13.203,13.649,14.021,14.470,14.879,15.201,15.613,16.005,16.412,16.802,17.265,17.602,17.983,18.382,18.752,19.210,19.555,19.665,20.062,20.033,20.014,20.070,20.099,20.095,20.063,20.033,20.056
27,0.000,1.775,2.491,3.107,3.652,4.245,4.807,5.358,5.814,6.331,6.886,7.364,7.858,8.352,8.794,9.264,9.665,10.102,10.629,11.015,11.423,11.930,12.302,12.732,13.146,13.586,14.066,14.393,14.837,15.282,15.640,16.067,16.410,16.847,17.191,17.603,18.021,18.385,18.824,19.221,19.581,19.663,20.048,20.051,20.026,20.047,20.093,20.000,20.080,20.076,20.045
28,0.000,1.822,2.484,3.123,3.637,4.276,4.815,5.310,5.856,6.331,6.879,7.310,7.812,8.320,8.788,9.228,9.675,10.112,10.617,11.005,11.439,11.943,12.295,12.805,13.169,13.587,13.979,14.458,14.858,15.281,15.621,16.060,16.487,16.891,17.241,17.648,18.051,18.416,18.825,19.175,19.603,19.617,20.059,20.043,20.040,20.049,20.094,20.014,20.034,20.035,20.050
29,0.000,1.746,2.486,3.124,3.635,4.279,4.777,5.324,5.893,6.344,6.838,7.360,7.870,8.292,8.814,9.244,9.696,10.190,10.624,11.027,11.482,11.863,12.320,12.733,13.149,13.576,14.036,14.402,14.795,15.209,15.602,16.026,16.477,16.830,17.243,17.676,18.027,18.429,18.795,19.170,19.569,19.630,20.023,20.062,20.065,20.020,20.076,20.078,20.027,20.085,20.029
30,0.000,1.818,2.422,3.109,3.660,4.219,4.810,5.325,5.855,6.317,6.887,7.377,7.866,8.275,8.768,9.190,9.668,10.156,10.578,11.084,11.433,11.924,12.350,12.807,13.167,13.597,14.021,14.459,14.877,15.292,15.621,16.078,16.462,16.863,17.251,17.633,18.016,18.378,18.772,19.172,19.573,19.607,20.037,20.065,20.054,20.061,20.090,20.072,20.069,20.019,20.090
31,0.000,1.795,2.419,3.054,3.710,4.292,4.783,5.347,5.848,6.362,6.859,7.312,7.803,8.322,8.741,9.237,9.695,10.167,10.579,11.068,11.498,11.916,12.325,12.719,13.208,13.592,14.051,14.457,14.827,15.204,15.678,16.070,16.469,16.840,17.258,17.621,18.052,18.433,18.748,19.152,19.577,19.630,20.043,20.039,20.049,20.011,20.002,20.060,20.081,20.094,20.055
32,0.000,1.806,2.414,3.065,3.656,4.293,4.815,5.364,5.872,6.338,6.903,7.314,7.798,8.279,8.771,9.270,9.664,10.133,10.584,11.063,11.452,11.936,12.369,12.783,13.218,13.574,14.046,14.388,14.816,15.202,15.644,16.018,16.498,16.892,17.262,17.605,17.995,18.371,18.827,19.168,19.547,19.640,20.068,20.083,20.037,20.006,20.072,20.047,20.032,20.045,20.085
33,0.000,1.815,2.460,3.046,3.681,4.274,4.779,5.329,5.823,6.324,6.876,7.383,7.811,8.277,8.741,9.256,9.719,10.149,10.560,11.054,11.449,11.869,12.338,12.714,13.222,13.554,14.024,14.469,14.808,15.246,15.605,16.082,16.479,16.872,17.277,17.590,17.998,18.447,18.761,19.186,19.528,19.618,20.028,20.043,20.090,20.040,20.023,20.033,20.084,20.018,20.059
34,0.000,1.767,2.447,3.048,3.651,4.244,4.771,5.351,5.802,6.342,6.874,7.331,7.798,8.284,8.783,9.278,9.726,10.127,10.589,11.040,11.451,11.936,12.326,12.785,13.160,13.596,13.984,14.444,14.848,15.271,15.637,16.060,16.400,16.847,17.262,17.681,18.039,18.451,18.806,19.216,19.512,19.604,20.041,20.088,20.056,20.015,20.009,20.077,20.048,20.088,20.030
35,0.000,1.762,2.436,3.124,3.697,4.230,4.753,5.373,5.864,6.325,6.843,7.306,7.851,8.348,8.811,9.269,9.688,10.118,10.629,11.065,11.488,11.948,12.370,12.753,13.192,13.589,13.977,14.399,14.799,15.292,15.682,16.037,16.463,16.819,17.190,17.643,18.029,18.369,18.756,19.178,19.541,19.679,20.006,20.018,20.092,20.054,20.039,20.082,20.096,20.051,20.012
36,0.000,1.794,2.501,3.095,3.699,4.202,4.813,5.300,5.841,6.317,6.861,7.377,7.845,8.313,8.822,9.201,9.702,10.136,10.582,11.040,11.521,11.950,12.375,12.787,13.232,13.622,14.037,14.428,14.828,15.236,15.687,16.061,16.433,16.831,17.206,17.626,18.027,18.429,18.801,19.199,19.520,19.651,20.016,20.086,20.082,20.080,20.008,20.087,20.077,20.085,20.054
37,0.000,1.791,2.421,3.079,3.656,4.217,4.806,5.297,5.885,6.327,6.878,7.398,7.864,8.270,8.750,9.248,9.690,10.161,10.620,11.062,11.459,11.955,12.343,12.747,13.148,13.644,14.043,14.434,14.852,15.212,15.669,16.100,16.439,16.821,17.269,17.674,18.044,18.456,18.767,19.142,19.534,19.689,20.029,20.086,20.032,20.009,20.022,20.052,20.009,20.023,20.060
38,0.000,1.765,2.504,3.073,3.699,4.234,4.816,5.366,5.889,6.361,6.837,7.358,7.797,8.346,8.735,9.268,9.652,10.135,10.565,11.077,11.474,11.926,12.292,12.739,13.179,13.591,14.023,14.461,14.832,15.276,15.604,16.042,16.433,16.886,17.275,17.637,18.068,18.416,18.802,19.158,19.550,19.697,20.057,20.000,20.079,20.028,20.030,20.061,20.006,20.009,20.061
39,0.000,1.831,2.436,3.105,3.662,4.200,4.746,5.297,5.820,6.340,6.878,7.347,7.798,8.274,8.753,9.287,9.743,10.109,10.617,11.084,11.434,11.922,12.309,12.717,13.226,13.612,13.980,14.388,14.828,15.233,15.672,16.019,16.430,16.892,17.205,17.600,17.988,18.394,18.831,19.207,19.539,19.645,20.077,20.097,20.084,20.031,20.045,20.038,20.094,20.088,20.023
40,0.000,1.788,2.504,3.047,3.723,4.243,4.748,5.302,5.898,6.394,6.860,7.362,7.824,8.264,8.822,9.223,9.654,10.102,10.559,11.078,11.460,11.917,12.292,12.782,13.171,13.594,13.982,14.418,14.838,15.206,15.674,16.071,16.425,16.852,17.280,17.641,18.036,18.405,18.828,19.145,19.533,19.606,20.059,20.082,20.073,20.080,20.084,20.060,20.045,20.039,20.001
41,0.000,1.810,2.460,3.101,3.638,4.279,4.775,5.325,5.842,6.355,6.893,7.303,7.880,8.335,8.792,9.217,9.713,10.178,10.603,11.016,11.479,11.906,12.291,12.753,13.187,13.571,14.025,14.399,14.858,15.256,15.667,16.099,16.454,16.841,17.212,17.599,18.001,18.457,18.792,19.187,19.607,19.697,20.081,20.025,20.081,20.026,20.092,20.055,20.098,20.088,20.086
42,0.000,1.756,2.411,3.057,3.661,4.219,4.778,5.370,5.831,6.407,6.889,7.340,7.785,8.326,8.769,9.281,9.708,10.137,10.610,10.996,11.433,11.916,12.335,12.776,13.141,13.603,14.065,14.458,14.866,15.288,15.671,16.081,16.420,16.847,17.281,17.672,18.032,18.419,18.814,19.151,19.589,19.688,20.047,20.083,20.005,20.010,20.098,20.082,20.016,20.018,20.021
43,0.000,1.789,2.456,3.055,3.680,4.212,4.750,5.299,5.898,6.341,6.822,7.353,7.784,8.304,8.825,9.222,9.672,10.121,10.643,11.013,11.482,11.862,12.382,12.728,13.162,13.619,14.011,14.430,14.846,15.280,15.665,16.090,16.473,16.853,17.228,17.584,18.007,18.456,18.773,19.210,19.539,19.621,20.021,20.061,20.007,20.024,20.023,20.078,20.037,20.022,20.005
44,0.000,1.780,2.492,3.035,3.645,4.223,4.825,5.294,5.807,6.351,6.818,7.364,7.844,8.324,8.824,9.268,9.720,10.104,10.570,11.066,11.423,11.956,12.318,12.748,13.200,13.598,14.053,14.393,14.797,15.229,15.693,16.055,16.434,16.882,17.227,17.637,18.014,18.376,18.794,19.189,19.602,19.615,20.048,20.092,20.019,20.002,20.043,20.084,20.021,20.012,20.050
45,0.000,1.766,2.444,3.090,3.672,4.285,4.752,5.330,5.829,6.401,6.843,7.342,7.851,8.283,8.743,9.242,9.681,10.153,10.559,11.007,11.474,11.879,12.294,12.733,13.162,13.573,13.986,14.462,14.852,15.280,15.621,16.074,16.399,16.892,17.238,17.653,18.027,18.365,18.802,19.171,19.544,19.689,20.044,20.031,20.050,20.068,20.057,20.013,20.074,20.008,20.052
46,0.000,1.802,2.423,3.107,3.665,4.245,4.769,5.308,5.803,6.357,6.854,7.334,7.784,8.285,8.732,9.211,9.680,10.136,10.583,11.060,11.455,11.902,12.341,12.750,13.219,13.595,14.012,14.415,14.792,15.257,15.655,16.022,16.467,16.854,17.202,17.664,18.044,18.438,18.745,19.160,19.605,19.620,20.037,20.049,20.094,20.080,20.069,20.073,20.097,20.012,20.095
47,0.000,1.837,2.466,3.121,3.636,4.272,4.762,5.308,5.887,6.310,6.857,7.361,7.842,8.301,8.740,9.263,9.654,10.124,10.549,11.076,11.487,11.876,12.318,12.795,13.219,13.614,14.039,14.435,14.810,15.204,15.635,16.070,16.440,16.850,17.285,17.621,18.057,18.407,18.769,19.172,19.596,19.642,20.063,20.070,20.005,20.005,20.025,20.080,20.061,20.043,20.052
48,0.000,1.761,2.482,3.123,3.668,4.289,4.812,5.373,5.860,6.409,6.878,7.340,7.821,8.331,8.792,9.210,9.720,10.122,10.633,11.048,11.450,11.920,12.317,12.735,13.170,13.561,14.057,14.447,14.846,15.198,15.645,16.087,16.481,16.797,17.262,17.589,18.041,18.425,18.816,19.166,19.594,19.608,20.080,20.012,20.087,20.014,20.004,20.009,20.046,20.020,20.080
49,0.000,1.835,2.483,3.101,3.653,4.214,4.832,5.378,5.861,6.371,6.812,7.311,7.865,8.337,8.787,9.254,9.738,10.193,10.614,11.021,11.444,11.860,12.322,12.746,13.159,13.626,13.990,14.437,14.885,15.201,15.651,16.006,16.430,16.806,17.193,17.674,17.989,18.375,18.813,19.194,19.598,19.696,20.018,20.074,20.011,20.028,20.097,20.043,20.037,20.056,20.010
50,0.000,1.791,2.421,3.079,3.632,4.268,4.772,5.366,5.868,6.393,6.849,7.400,7.789,8.305,8.799,9.227,9.660,10.142,10.595,10.992,11.465,11.948,12.327,12.756,13.180,13.637,14.058,14.459,14.847,15.252,15.681,16.027,16.453,16.821,17.222,17.615,18.008,18.381,18.749,19.130,19.518,19.627,20.074,20.063,20.041,20.036,20.083,20.077,20.031,20.034,20.086
51,0.000,1.774,2.491,3.080,3.637,4.239,4.788,5.322,5.856,6.351,6.859,7.323,7.801,8.355,8.743,9.205,9.692,10.104,10.557,10.989,11.497,11.863,12.359,12.728,13.207,13.571,13.989,14.409,14.880,15.202,15.687,16.034,16.432,16.830,17.250,17.601,18.041,18.392,18.772,19.134,19.593,19.613,20.066,20.061,20.021,20.046,20.010,20.077,20.033,20.092,20.081
52,0.000,1.837,2.461,3.031,3.675,4.276,4.796,5.317,5.830,6.329,6.874,7.346,7.881,8.274,8.784,9.218,9.693,10.168,10.554,11.042,11.509,11.909,12.320,12.750,13.191,13.614,14.030,14.476,14.801,15.250,15.698,16.083,16.424,16.839,17.218,17.644,18.059,18.433,18.819,19.147,19.598,19.615,20.084,20.075,20.066,20.075,20.001,20.079,20.066,20.057,20.014
53,0.000,1.773,2.433,3.067,3.722,4.198,4.766,5.350,5.845,6.373,6.832,7.366,7.830,8.322,8.786,9.214,9.698,10.190,10.643,11.073,11.449,11.918,12.343,12.789,13.198,13.644,14.033,14.446,14.806,15.280,15.681,16.029,16.453,16.848,17.246,17.675,18.038,18.454,18.829,19.165,19.565,19.682,20.083,20.048,20.093,20.090,20.054,20.035,20.035,20.001,20.081
54,0.000,1.762,2.450,3.064,3.709,4.260,4.835,5.343,5.887,6.317,6.888,7.335,7.877,8.341,8.757,9.251,9.708,10.154,10.557,11.072,11.507,11.878,12.373,12.747,13.164,13.616,14.044,14.468,14.821,15.234,15.626,16.083,16.462,16.859,17.234,17.590,18.059,18.366,18.843,19.136,19.589,19.619,20.043,20.031,20.019,20.003,20.003,20.096,20.021,20.020,20.076
55,0.000,1.780,2.414,3.060,3.645,4.272,4.796,5.314,5.813,6.400,6.855,7.384,7.872,8.326,8.786,9.272,9.722,10.180,10.640,11.079,11.487,11.879,12.302,12.732,13.172,13.588,13.995,14.420,14.855,15.251,15.645,16.077,16.440,16.804,17.238,17.631,18.028,18.391,18.779,19.214,19.605,19.625,20.071,20.083,20.016,20.066,20.062,20.091,20.034,20.005,20.048
56,0.000,1.834,2.441,3.037,3.708,4.193,4.779,5.359,5.836,6.344,6.876,7.342,7.793,8.301,8.803,9.217,9.655,10.147,10.599,11.068,11.514,11.872,12.303,12.797,13.207,13.634,14.007,14.380,14.887,15.264,15.619,16.006,16.431,16.839,17.217,17.583,18.066,18.369,18.808,19.148,19.598,19.659,20.070,20.097,20.090,20.092,20.093,20.020,20.074,20.074,20.002
57,0.000,1.822,2.457,3.033,3.655,4.287,4.788,5.313,5.890,6.375,6.810,7.392,7.790,8.279,8.770,9.261,9.731,10.117,10.553,11.045,11.461,11.890,12.318,12.729,13.202,13.598,14.010,14.436,14.855,15.201,15.652,16.016,16.402,16.880,17.212,17.590,18.063,18.430,18.839,19.127,19.599,19.665,20.090,20.014,20.010,20.052,20.097,20.082,20.092,20.048,20.023
58,0.000,1.800,2.486,3.060,3.678,4.239,4.829,5.292,5.893,6.409,6.836,7.312,7.803,8.352,8.752,9.257,9.718,10.186,10.605,11.006,11.500,11.884,12.327,12.749,13.179,13.584,13.996,14.459,14.802,15.237,15.620,16.089,16.474,16.892,17.191,17.627,18.009,18.393,18.815,19.166,19.561,19.687,20.083,20.070,20.083,20.073,20.007,20.078,20.097,20.045,20.053
59,0.000,1.837,2.412,3.039,3.641,4.270,4.815,5.317,5.897,6.315,6.894,7.389,7.879,8.277,8.770,9.236,9.699,10.159,10.607,11.058,11.448,11.900,12.364,12.768,13.179,13.569,14.009,14.476,14.873,15.235,15.696,16.047,16.421,16.820,17.270,17.625,18.041,18.391,18.820,19.223,19.594,19.651,20.079,20.082,20.027,20.006,20.088,20.005,20.001,20.036,20.033
60,0.000,1.833,2.471,3.073,3.650,4.252,4.781,5.353,5.882,6.408,6.810,7.338,7.800,8.311,8.782,9.208,9.705,10.116,10.572,11.031,11.474,11.882,12.380,12.746,13.181,13.640,14.003,14.436,14.833,15.213,15.669,16.081,16.433,16.822,17.193,17.622,18.064,18.389,18.832,19.150,19.511,19.671,20.093,20.008,20.070,20.026,20.081,20.012,20.092,20.011,20.040
61,0.000,1.832,2.463,3.115,3.672,4.216,4.791,5.294,5.801,6.387,6.811,7.306,7.798,8.265,8.817,9.267,9.732,10.173,10.560,11.055,11.462,11.950,12.316,12.716,13.146,13.609,14.050,14.419,14.849,15.277,15.626,16.040,16.495,16.871,17.209,17.644,18.035,18.421,18.818,19.170,19.522,19.681,20.007,20.041,20.083,20.093,20.081,20.001,20.030,20.024,20.053
62,0.000,1.782,2.467,3.090,3.675,4.274,4.783,5.346,5.887,6.315,6.825,7.387,7.792,8.320,8.755,9.227,9.682,10.140,10.626,11.051,11.474,11.943,12.349,12.722,13.222,13.644,14.044,14.446,14.807,15.213,15.650,16.089,16.401,16.844,17.234,17.595,18.022,18.408,18.796,19.200,19.517,19.691,20.006,20.037,20.033,20.057,20.051,20.012,20.001,20.030,20.095
63,0.000,1.824,2.459,3.066,3.645,4.261,4.798,5.327,5.819,6.406,6.828,7.356,7.795,8.270,8.824,9.248,9.728,10.121,10.622,10.995,11.512,11.912,12.339,12.718,13.150,13.562,14.065,14.384,14.833,15.289,15.677,16.084,16.488,16.873,17.284,17.614,18.010,18.375,18.821,19.160,19.538,19.667,20.021,20.020,20.000,20.073,20.090,20.035,20.095,20.072,20.081
64,0.000,1.779,2.493,3.102,3.645,4.277,4.842,5.375,5.884,6.319,6.826,7.323,7.842,8.358,8.795,9.202,9.647,10.111,10.615,11.003,11.475,11.869,12.347,12.739,13.223,13.592,14.006,14.452,14.886,15.211,15.626,16.049,16.440,16.842,17.273,17.584,18.026,18.440,18.752,19.223,19.562,19.692,20.049,20.052,20.051,20.086,20.027,20.000,20.071,20.019,20.049
65,0.000,1.791,2.463,3.122,3.670,4.238,4.750,5.344,5.837,6.379,6.842,7.394,7.879,8.300,8.792,9.286,9.677,10.160,10.612,11.001,11.481,11.885,12.381,12.808,13.148,13.579,13.984,14.400,14.838,15.209,15.663,16.026,16.425,16.860,17.279,17.667,18.026,18.384,18.764,19.143,19.528,19.693,20.041,20.099,20.038,20.042,20.035,20.006,20.066,20.030,20.021
66,0.000,1.796,2.499,3.076,3.638,4.260,4.757,5.280,5.888,6.404,6.891,7.389,7.802,8.309,8.743,9.261,9.725,10.126,10.556,10.994,11.501,11.899,12.368,12.731,13.157,13.608,13.967,14.402,14.833,15.260,15.628,16.038,16.401,16.883,17.251,17.618,18.043,18.404,18.839,19.200,19.585,19.662,20.053,20.077,20.033,20.038,20.048,20.055,20.012,20.099,20.050
67,0.000,1.809,2.420,3.102,3.628,4.240,4.843,5.353,5.837,6.359,6.861,7.352,7.860,8.332,8.744,9.238,9.724,10.180,10.571,11.034,11.497,11.878,12.305,12.762,13.232,13.620,13.995,14.388,14.879,15.206,15.643,16.082,16.410,16.866,17.224,17.642,18.012,18.452,18.779,19.212,19.599,19.644,20.005,20.089,20.011,20.078,20.021,20.037,20.051,20.091,20.042
68,0.000,1.813,2.437,3.041,3.662,4.279,4.775,5.360,5.890,6.354,6.840,7.382,7.810,8.346,8.806,9.257,9.676,10.144,10.594,10.999,11.510,11.888,12.296,12.805,13.169,13.593,14.040,14.438,14.887,15.265,15.618,16.075,16.418,16.846,17.208,17.658,18.009,18.378,18.834,19.209,19.574,19.670,20.045,20.024,20.048,20.084,20.094,20.071,20.043,20.091,20.031
69,0.000,1.770,2.431,3.125,3.717,4.197,4.842,5.304,5.883,6.386,6.825,7.307,7.875,8.291,8.735,9.226,9.667,10.148,10.596,11.032,11.506,11.915,12.305,12.732,13.222,13.628,13.999,14.430,14.790,15.228,15.643,16.004,16.451,16.798,17.265,17.680,17.999,18.424,18.806,19.164,19.547,19.689,20.003,20.037,20.054,20.025,20.003,20.096,20.065,20.022,20.081
70,0.000,1.801,2.409,3.110,3.657,4.211,4.751,5.310,5.865,6.385,6.840,7.367,7.856,8.264,8.771,9.246,9.685,10.121,10.603,11.083,11.501,11.900,12.367,12.773,13.162,13.552,14.038,14.436,14.824,15.203,15.694,16.063,16.430,16.866,17.260,17.653,18.062,18.420,18.795,19.179,19.526,19.619,20.009,20.073,20.092,20.036,20.007,20.035,20.098,20.039,20.020
71,0.000,1.778,2.461,3.122,3.676,4.283,4.831,5.324,5.834,6.404,6.824,7.323,7.808,8.343,8.762,9.243,9.736,10.192,10.575,10.991,11.487,11.902,12.366,12.791,13.219,13.555,14.059,14.403,14.882,15.282,15.663,16.064,16.434,16.807,17.251,17.674,17.993,18.406,18.842,19.212,19.589,19.676,20.001,20.036,20.055,20.042,20.004,20.090,20.072,20.068,20.087
72,0.000,1.771,2.450,3.068,3.667,4.254,4.789,5.303,5.880,6.329,6.898,7.351,7.877,8.291,8.792,9.223,9.652,10.112,10.546,11.008,11.452,11.917,12.297,12.728,13.216,13.637,14.015,14.416,14.876,15.224,15.650,16.065,16.450,16.878,17.212,17.635,18.036,18.372,18.746,19.188,19.549,19.651,20.010,20.037,20.088,20.076,20.031,20.075,20.025,20.032,20.056
73,0.000,1.819,2.442,3.055,3.714,4.249,4.816,5.363,5.867,6.395,6.860,7.375,7.790,8.354,8.825,9.243,9.694,10.112,10.610,11.018,11.514,11.947,12.328,12.787,13.227,13.615,13.993,14.421,14.871,15.250,15.623,16.076,16.451,16.813,17.216,17.660,18.066,18.409,18.797,19.151,19.512,19.629,20.011,20.041,20.047,20.050,20.078,20.010,20.097,20.022,20.037
74,0.000,1.839,2.501,3.056,3.640,4.239,4.802,5.370,5.856,6.407,6.866,7.378,7.796,8.306,8.786,9.253,9.728,10.110,10.546,11.074,11.459,11.857,12.350,12.768,13.164,13.636,14.009,14.458,14.862,15.199,15.610,16.056,16.472,16.813,17.248,17.593,18.066,18.374,18.790,19.203,19.518,19.669,20.032,20.082,20.030,20.081,20.087,20.099,20.072,20.034,20.047
75,0.000,1.778,2.420,3.103,3.653,4.241,4.798,5.363,5.852,6.366,6.875,7.362,7.803,8.282,8.736,9.285,9.651,10.136,10.600,11.081,11.520,11.914,12.327,12.777,13.159,13.593,14.041,14.434,14.831,15.210,15.654,16.029,16.471,16.889,17.254,17.653,18.032,18.389,18.745,19.171,19.607,19.670,20.078,20.043,20.091,20.084,20.069,20.009,20.053,20.033,20.097
76,0.000,1.768,2.453,3.041,3.665,4.292,4.804,5.281,5.865,6.383,6.862,7.387,7.801,8.338,8.808,9.272,9.664,10.108,10.581,11.010,11.476,11.934,12.370,12.778,13.180,13.650,14.049,14.449,14.805,15.241,15.601,16.092,16.489,16.863,17.261,17.612,18.008,18.446,18.744,19.132,19.531,19.617,20.095,20.086,20.028,20.002,20.045,20.068,20.049,20.029,20.051
77,0.000,1.833,2.467,3.048,3.718,4.220,4.819,5.320,5.886,6.363,6.822,7.372,7.855,8.280,8.757,9.234,9.665,10.137,10.626,11.004,11.520,11.930,12.355,12.728,13.144,13.634,13.979,14.421,14.847,15.280,15.613,16.059,16.479,16.833,17.247,17.624,17.996,18.425,18.800,19.135,19.589,19.621,20.026,20.014,20.047,20.087,20.061,20.074,20.052,20.061,20.048
78,0.000,1.829,2.441,3.032,3.714,4.196,4.800,5.357,5.818,6.344,6.901,7.322,7.878,8.337,8.815,9.275,9.734,10.145,10.595,10.988,11.512,11.919,12.384,12.752,13.175,13.571,14.007,14.394,14.874,15.231,15.632,16.059,16.425,16.882,17.201,17.681,18.002,18.449,18.771,19.181,19.563,19.620,20.069,20.062,20.039,20.097,20.023,20.025,20.032,20.095,20.026
79,0.000,1.775,2.492,3.081,3.715,4.241,4.824,5.344,5.831,6.384,6.812,7.384,7.784,8.339,8.784,9.248,9.682,10.127,10.570,11.019,11.482,11.919,12.293,12.785,13.187,13.606,13.969,14.470,14.855,15.209,15.678,16.024,16.421,16.812,17.220,17.615,17.973,18.452,18.780,19.188,19.597,19.679,20.075,20.054,20.028,20.027,20.088,20.082,20.092,20.018,20.028
80,0.000,1.793,2.431,3.088,3.677,4.235,4.746,5.362,5.839,6.361,6.899,7.320,7.821,8.315,8.826,9.271,9.689,10.151,10.617,11.009,11.516,11.899,12.311,12.786,13.140,13.607,14.052,14.478,14.814,15.226,15.637,16.002,16.494,16.823,17.250,17.630,17.971,18.367,18.783,19.166,19.540,19.687,20.047,20.090,20.022,20.039,20.002,20.042,20.056,20.037,20.070
81,0.000,1.783,2.501,3.078,3.676,4.242,4.829,5.358,5.859,6.365,6.876,7.333,7.832,8.281,8.731,9.289,9.726,10.150,10.624,11.015,11.484,11.952,12.343,12.784,13.143,13.651,14.057,14.395,14.802,15.284,15.631,16.026,16.408,16.810,17.248,17.581,18.020,18.445,18.822,19.128,19.517,19.614,20.021,20.024,20.098,20.028,20.005,20.024,20.065,20.024,20.030
82,0.000,1.764,2.442,3.062,3.626,4.214,4.795,5.300,5.874,6.408,6.823,7.341,7.803,8.323,8.777,9.225,9.657,10.137,10.582,11.004,11.489,11.941,12.372,12.787,13.137,13.649,13.998,14.450,14.881,15.246,15.630,16.038,16.471,16.880,17.210,17.597,18.021,18.446,18.754,19.179,19.578,19.650,20.048,20.023,20.052,20.095,20.059,20.091,20.079,20.077,20.026
83,0.000,1.746,2.499,3.118,3.722,4.194,4.767,5.349,5.866,6.394,6.853,7.332,7.785,8.304,8.756,9.277,9.655,10.122,10.553,11.033,11.475,11.904,12.340,12.749,13.218,13.585,13.993,14.396,14.877,15.250,15.630,16.054,16.471,16.817,17.193,17.599,18.020,18.437,18.822,19.165,19.548,19.665,20.042,20.028,20.043,20.077,20.098,20.100,20.075,20.033,20.023
84,0.000,1.837,2.507,3.052,3.686,4.246,4.819,5.337,5.828,6.372,6.894,7.304,7.787,8.316,8.740,9.259,9.717,10.138,10.619,11.072,11.494,11.934,12.361,12.726,13.230,13.643,13.967,14.389,14.859,15.244,15.650,16.054,16.491,16.857,17.207,17.598,17.976,18.371,18.794,19.161,19.588,19.683,20.089,20.038,20.039,20.026,20.039,20.019,20.012,20.041,20.019
85,0.000,1.755,2.431,3.058,3.694,4.200,4.749,5.352,5.811,6.326,6.904,7.381,7.828,8.317,8.771,9.270,9.708,10.107,10.555,10.999,11.446,11.939,12.305,12.732,13.225,13.557,13.979,14.440,14.825,15.228,15.669,16.061,16.417,16.857,17.229,17.669,17.978,18.414,18.825,19.191,19.600,19.697,20.071,20.099,20.014,20.067,20.004,20.087,20.048,20.038,20.044
86,0.000,1.745,2.411,3.086,3.681,4.224,4.810,5.376,5.823,6.401,6.862,7.361,7.800,8.295,8.747,9.270,9.697,10.124,10.628,11.022,11.445,11.955,12.301,12.775,13.213,13.648,14.062,14.452,14.878,15.290,15.633,16.071,16.445,16.891,17.190,17.602,18.065,18.405,18.759,19.219,19.569,19.656,20.062,20.050,20.036,20.092,20.060,20.027,20.075,20.052,20.037
87,0.000,1.781,2.489,3.121,3.715,4.197,4.829,5.352,5.877,6.374,6.831,7.354,7.863,8.289,8.806,9.284,9.726,10.119,10.554,11.067,11.448,11.908,12.342,12.740,13.164,13.568,14.025,14.388,14.789,15.292,15.617,16.033,16.401,16.882,17.266,17.676,18.007,18.378,18.773,19.216,19.598,19.644,20.037,20.099,20.017,20.044,20.035,20.034,20.055,20.009,20.092
88,0.000,1.770,2.418,3.121,3.627,4.269,4.841,5.371,5.812,6.321,6.880,7.327,7.841,8.336,8.746,9.277,9.687,10.104,10.607,10.998,11.501,11.948,12.318,12.801,13.232,13.585,13.983,14.442,14.883,15.228,15.652,16.077,16.445,16.872,17.286,17.644,17.987,18.390,18.764,19.179,19.587,19.668,20.045,20.002,20.095,20.016,20.079,20.076,20.051,20.092,20.014
89,0.000,1.743,2.478,3.049,3.711,4.228,4.778,5.325,5.834,6.359,6.895,7.387,7.860,8.294,8.792,9.252,9.707,10.101,10.627,11.073,11.460,11.899,12.295,12.726,13.133,13.613,14.014,14.424,14.886,15.204,15.658,16.029,16.421,16.820,17.266,17.628,18.067,18.395,18.751,19.201,19.544,19.650,20.097,20.046,20.073,20.058,20.073,20.027,20.021,20.098,20.048
90,0.000,1.784,2.481,3.096,3.679,4.263,4.744,5.333,5.862,6.353,6.834,7.397,7.842,8.282,8.735,9.203,9.688,10.155,10.562,11.052,11.450,11.913,12.339,12.744,13.224,13.579,14.042,14.462,14.800,15.205,15.652,16.071,16.401,16.826,17.250,17.678,17.998,18.407,18.814,19.148,19.589,19.686,20.071,20.041,20.090,20.080,20.010,20.029,20.088,20.063,20.005
91,0.000,1.776,2.420,3.064,3.693,4.212,4.807,5.363,5.875,6.374,6.866,7.338,7.828,8.357,8.796,9.244,9.658,10.162,10.561,11.000,11.489,11.886,12.292,12.806,13.205,13.601,13.971,14.404,14.839,15.215,15.641,16.053,16.466,16.886,17.198,17.603,18.018,18.415,18.774,19.164,19.593,19.698,20.055,20.022,20.018,20.025,20.023,20.093,20.078,20.095,20.062
92,0.000,1.758,2.495,3.089,3.689,4.225,4.836,5.282,5.867,6.325,6.839,7.325,7.827,8.261,8.822,9.267,9.669,10.159,10.567,11.065,11.497,11.930,12.337,12.802,13.158,13.630,14.021,14.389,14.868,15.251,15.604,16.011,16.460,16.803,17.288,17.591,18.005,18.431,18.816,19.194,19.529,19.649,20.058,20.057,20.079,20.003,20.024,20.008,20.060,20.096,20.001
93,0.000,1.798,2.437,3.120,3.715,4.292,4.805,5.284,5.880,6.386,6.898,7.330,7.881,8.268,8.750,9.274,9.685,10.181,10.571,11.029,11.457,11.915,12.299,12.780,13.188,13.621,14.014,14.469,14.792,15.273,15.638,16.066,16.447,16.814,17.210,17.658,18.000,18.419,18.802,19.152,19.560,19.666,20.085,20.010,20.058,20.075,20.024,20.049,20.012,20.091,20.056
94,0.000,1.754,2.467,3.047,3.676,4.241,4.776,5.339,5.885,6.348,6.901,7.364,7.808,8.287,8.782,9.244,9.657,10.105,10.588,11.057,11.436,11.949,12.312,12.810,13.193,13.623,13.974,14.465,14.823,15.256,15.600,16.099,16.416,16.820,17.213,17.622,18.044,18.419,18.831,19.224,19.573,19.648,20.011,20.007,20.067,20.093,20.079,20.073,20.005,20.059,20.041
95,0.000,1.754,2.446,3.062,3.708,4.221,4.781,5.345,5.836,6.318,6.854,7.368,7.784,8.316,8.796,9.205,9.739,10.189,10.630,11.053,11.464,11.903,12.301,12.755,13.201,13.611,13.992,14.445,14.832,15.210,15.669,16.042,16.454,16.857,17.288,17.645,18.025,18.359,18.832,19.173,19.539,19.699,20.061,20.066,20.057,20.003,20.079,20.078,20.079,20.094,20.055
96,0.000,1.821,2.491,3.093,3.691,4.218,4.781,5.342,5.832,6.376,6.833,7.378,7.859,8.299,8.789,9.201,9.712,10.126,10.630,11.040,11.498,11.935,12.335,12.769,13.169,13.588,14.052,14.380,14.853,15.262,15.633,16.031,16.471,16.854,17.233,17.649,17.985,18.416,18.773,19.128,19.535,19.603,20.013,20.027,20.047,20.066,20.092,20.041,20.076,20.065,20.079
97,0.000,1.811,2.462,3.124,3.673,4.292,4.753,5.335,5.884,6.354,6.851,7.303,7.810,8.321,8.766,9.220,9.672,10.181,10.561,11.079,11.509,11.867,12.327,12.799,13.199,13.610,13.974,14.470,14.885,15.266,15.698,16.032,16.450,16.811,17.238,17.639,18.004,18.455,18.789,19.206,19.596,19.626,20.097,20.009,20.037,20.054,20.037,20.005,20.000,20.098,20.085
98,0.000,1.765,2.418,3.096,3.658,4.263,4.831,5.285,5.878,6.393,6.857,7.329,7.855,8.292,8.780,9.234,9.727,10.111,10.615,11.075,11.473,11.888,12.349,12.766,13.208,13.581,14.042,14.409,14.796,15.265,15.675,16.099,16.474,16.801,17.222,17.642,18.017,18.446,18.750,19.208,19.552,19.699,20.063,20.026,20.006,20.037,20.053,20.024,20.088,20.051,20.004
99,0.000,1.804,2.462,3.103,3.697,4.266,4.756,5.287,5.844,6.361,6.900,7.304,7.801,8.343,8.733,9.198,9.671,10.181,10.619,11.035,11.449,11.883,12.308,12.771,13.198,13.631,13.971,14.470,14.829,15.273,15.658,16.067,16.486,16.862,17.199,17.589,17.978,18.434,18.814,19.153,19.567,19.677,20.062,20.037,20.005,20.072,20.099,20.083,20.027,20.039,20.074
100,0.000,1.766,2.463,3.087,3.628,4.206,4.769,5.285,5.894,6.363,6.856,7.338,7.869,8.287,8.804,9.239,9.738,10.114,10.603,11.031,11.464,11.888,12.317,12.809,13.159,13.553,13.986,14.420,14.799,15.217,15.616,16.091,16.444,16.807,17.232,17.670,18.052,18.393,18.749,19.143,19.594,19.691,20.063,20.009,20.031,20.017,20.026,20.059,20.072,20.004,20.035
101,0.000,1.834,2.503,3.058,3.703,4.279,4.811,5.298,5.833,6.398,6.813,7.309,7.846,8.273,8.732,9.253,9.734,10.138,10.556,11.035,11.428,11.875,12.325,12.761,13.186,13.590,14.036,14.440,14.861,15.213,15.648,16.085,16.452,16.806,17.233,17.673,18.000,18.457,18.787,19.204,19.602,19.663,20.087,20.042,20.013,20.091,20.065,20.074,20.057,20.096,20.086
102,0.000,1.743,2.499,3.052,3.633,4.242,4.793,5.343,5.842,6.362,6.871,7.353,7.881,8.278,8.773,9.228,9.727,10.153,10.570,11.000,11.440,11.950,12.330,12.719,13.154,13.609,13.970,14.452,14.884,15.268,15.627,16.096,16.448,16.825,17.241,17.656,17.981,18.449,18.791,19.149,19.585,19.640,20.068,20.041,20.069,20.057,20.088,20.072,20.036,20.019,20.055
103,0.000,1.755,2.418,3.044,3.713,4.284,4.797,5.368,5.833,6.384,6.847,7.336,7.846,8.332,8.737,9.209,9.650,10.107,10.566,11.045,11.514,11.930,12.348,12.756,13.151,13.617,13.984,14.408,14.861,15.228,15.659,16.003,16.460,16.842,17.214,17.593,18.044,18.417,18.793,19.161,19.568,19.604,20.050,20.094,20.013,20.026,20.034,20.005,20.036,20.017,20.016
104,0.000,1.772,2.481,3.096,3.635,4.270,4.812,5.308,5.807,6.394,6.889,7.376,7.877,8.260,8.803,9.273,9.741,10.113,10.554,11.076,11.496,11.943,12.321,12.809,13.191,13.640,14.030,14.467,14.850,15.231,15.606,16.035,16.446,16.853,17.244,17.620,18.043,18.398,18.801,19.193,19.519,19.604,20.092,20.047,20.014,20.059,20.037,20.002,20.077,20.064,20.068
105,0.000,1.787,2.446,3.121,3.658,4.282,4.765,5.290,5.869,6.383,6.826,7.311,7.793,8.318,8.764,9.208,9.652,10.176,10.613,10.995,11.493,11.944,12.286,12.746,13.160,13.641,13.982,14.439,14.791,15.286,15.684,16.040,16.463,16.825,17.282,17.646,18.050,18.386,18.757,19.161,19.531,19.644,20.058,20.030,20.022,20.019,20.070,20.036,20.067,20.028,20.055
106,0.000,1.831,2.439,3.100,3.707,4.210,4.830,5.312,5.874,6.386,6.902,7.361,7.793,8.287,8.740,9.247,9.709,10.157,10.610,11.013,11.488,11.954,12.382,12.719,13.181,13.589,14.053,14.450,14.881,15.201,15.695,16.021,16.474,16.864,17.231,17.625,18.007,18.424,18.802,19.140,19.585,19.629,20.055,20.026,20.099,20.098,20.021,20.003,20.047,20.057,20.095
107,0.000,1.779,2.411,3.125,3.678,4.254,4.819,5.279,5.891,6.398,6.842,7.372,7.828,8.282,8.768,9.204,9.672,10.172,10.562,10.988,11.440,11.891,12.308,12.727,13.155,13.609,14.014,14.426,14.808,15.239,15.669,16.005,16.448,16.809,17.288,17.645,17.989,18.435,18.824,19.222,19.550,19.625,20.022,20.039,20.049,20.052,20.092,20.098,20.041,20.077,20.045
108,0.000,1.766,2.425,3.050,3.720,4.254,4.758,5.376,5.841,6.315,6.879,7.379,7.856,8.299,8.800,9.260,9.709,10.185,10.604,11.074,11.504,11.931,12.384,12.788,13.214,13.560,14.002,14.397,14.836,15.248,15.645,16.065,16.486,16.807,17.259,17.621,18.064,18.452,18.768,19.207,19.600,19.655,20.035,20.026,20.066,20.088,20.049,20.025,20.026,20.096,20.051
109,0.000,1.751,2.453,3.059,3.724,4.263,4.776,5.290,5.856,6.334,6.883,7.351,7.853,8.340,8.757,9.193,9.732,10.152,10.630,11.033,11.486,11.893,12.299,12.737,13.170,13.556,14.061,14.448,14.790,15.254,15.654,16.041,16.423,16.829,17.248,17.648,18.064,18.435,18.773,19.216,19.542,19.693,20.079,20.090,20.038,20.019,20.044,20.045,20.064,20.020,20.036
110,0.000,1.778,2.508,3.076,3.658,4.285,4.775,5.350,5.816,6.379,6.828,7.393,7.850,8.276,8.772,9.250,9.680,10.126,10.615,11.036,11.496,11.923,12.381,12.718,13.192,13.574,14.014,14.472,14.828,15.242,15.697,16.058,16.459,16.832,17.210,17.631,17.977,18.451,18.765,19.213,19.564,19.639,20.004,20.046,20.066,20.016,20.027,20.019,20.076,20.056,20.079
111,0.000,1.836,2.485,3.077,3.658,4.276,4.816,5.341,5.894,6.322,6.857,7.384,7.839,8.338,8.821,9.281,9.648,10.170,10.619,11.019,11.505,11.921,12.289,12.796,13.133,13.613,14.056,14.410,14.828,15.250,15.606,16.047,16.444,16.892,17.207,17.611,18.021,18.415,18.759,19.185,19.552,19.665,20.009,20.053,20.020,20.057,20.001,20.014,20.074,20.085,20.097
112,0.000,1.839,2.463,3.120,3.639,4.212,4.801,5.305,5.832,6.406,6.817,7.340,7.841,8.327,8.727,9.222,9.741,10.101,10.552,11.024,11.489,11.860,12.385,12.769,13.181,13.558,14.056,14.439,14.842,15.259,15.625,16.033,16.471,16.888,17.247,17.612,18.005,18.364,18.815,19.193,19.608,19.652,20.057,20.047,20.071,20.014,20.052,20.084,20.044,20.022,20.014
113,0.000,1.751,2.486,3.104,3.685,4.225,4.818,5.318,5.892,6.366,6.810,7.341,7.874,8.283,8.739,9.236,9.741,10.176,10.581,11.071,11.521,11.944,12.345,12.743,13.206,13.556,13.977,14.423,14.846,15.242,15.634,16.037,16.404,16.806,17.231,17.657,17.989,18.383,18.763,19.163,19.589,19.644,20.086,20.091,20.079,20.003,20.021,20.004,20.072,20.057,20.016
114,0.000,1.762,2.431,3.057,3.701,4.260,4.831,5.283,5.869,6.350,6.847,7.324,7.825,8.286,8.826,9.214,9.665,10.174,10.592,11.061,11.432,11.875,12.340,12.719,13.142,13.622,13.971,14.427,14.861,15.209,15.614,16.050,16.436,16.803,17.198,17.619,18.064,18.381,18.769,19.172,19.583,19.691,20.069,20.055,20.056,20.004,20.072,20.074,20.055,20.002,20.012
115,0.000,1.771,2.426,3.053,3.691,4.202,4.819,5.351,5.850,6.323,6.860,7.320,7.807,8.271,8.785,9.211,9.691,10.166,10.556,11.018,11.516,11.859,12.314,12.730,13.215,13.558,13.969,14.443,14.821,15.255,15.632,16.089,16.484,16.844,17.286,17.663,18.021,18.415,18.800,19.224,19.530,19.633,20.052,20.089,20.042,20.076,20.023,20.041,20.033,20.013,20.049
116,0.000,1.839,2.450,3.070,3.712,4.213,4.773,5.331,5.882,6.407,6.854,7.315,7.861,8.326,8.747,9.279,9.673,10.160,10.629,11.007,11.505,11.874,12.370,12.745,13.147,13.604,13.987,14.451,14.815,15.228,15.675,16.010,16.442,16.891,17.227,17.603,18.015,18.422,18.835,19.153,19.547,19.641,20.099,20.034,20.081,20.097,20.001,20.007,20.036,20.006,20.067
117,0.000,1.801,2.497,3.047,3.641,4.251,4.790,5.353,5.849,6.389,6.882,7.391,7.851,8.335,8.749,9.252,9.706,10.154,10.577,11.072,11.442,11.870,12.363,12.747,13.213,13.583,13.967,14.402,14.852,15.204,15.680,16.057,16.432,16.837,17.276,17.663,18.001,18.389,18.758,19.142,19.528,19.653,20.086,20.035,20.081,20.047,20.039,20.064,20.001,20.024,20.011
118,0.000,1.758,2.452,3.084,3.660,4.239,4.765,5.292,5.803,6.364,6.819,7.336,7.802,8.313,8.752,9.215,9.673,10.158,10.567,11.003,11.442,11.953,12.358,12.736,13.184,13.618,14.066,14.458,14.856,15.275,15.663,16.049,16.433,16.851,17.241,17.629,17.983,18.364,18.833,19.179,19.589,19.647,20.021,20.076,20.041,20.084,20.073,20.060,20.022,20.022,20.003
119,0.000,1.805,2.496,3.112,3.654,4.257,4.747,5.308,5.850,6.325,6.902,7.379,7.822,8.319,8.735,9.226,9.704,10.130,10.548,11.084,11.424,11.895,12.318,12.780,13.216,13.635,13.997,14.479,14.799,15.248,15.674,16.053,16.399,16.875,17.255,17.639,18.059,18.408,18.825,19.147,19.550,19.607,20.047,20.096,20.049,20.048,20.028,20.097,20.039,20.070,20.076
120,0.000,1.801,2.455,3.035,3.662,4.260,4.835,5.315,5.804,6.350,6.841,7.356,7.870,8.338,8.748,9.194,9.744,10.187,10.566,11.067,11.423,11.911,12.378,12.776,13.175,13.574,14.039,14.473,14.838,15.252,15.608,16.022,16.452,16.819,17.275,17.655,18.009,18.386,18.817,19.173,19.579,19.650,20.040,20.072,20.098,20.053,20.086,20.081,20.018,20.015,20.022
121,0.000,1.810,2.461,3.035,3.654,4.244,4.744,5.358,5.855,6.399,6.828,7.314,7.871,8.290,8.753,9.222,9.717,10.156,10.627,11.045,11.511,11.923,12.297,12.803,13.168,13.636,13.969,14.405,14.851,15.285,15.677,16.024,16.426,16.830,17.242,17.584,18.034,18.367,18.757,19.150,19.572,19.687,20.044,20.056,20.049,20.054,20.033,20.094,20.005,20.014,20.059
122,0.000,1.806,2.468,3.069,3.723,4.288,4.753,5.358,5.830,6.408,6.851,7.331,7.789,8.263,8.776,9.203,9.667,10.186,10.600,10.989,11.479,11.939,12.340,12.765,13.203,13.571,13.974,14.428,14.860,15.221,15.680,16.053,16.423,16.892,17.193,17.630,18.001,18.379,18.803,19.202,19.535,19.697,20.076,20.017,20.023,20.062,20.098,20.092,20.040,20.043,20.076
123,0.000,1.805,2.495,3.091,3.649,4.203,4.807,5.349,5.848,6.378,6.903,7.391,7.849,8.262,8.760,9.202,9.655,10.174,10.569,11.052,11.465,11.908,12.297,12.767,13.221,13.636,14.010,14.395,14.885,15.267,15.698,16.068,16.428,16.894,17.210,17.671,18.002,18.359,18.792,19.168,19.568,19.645,20.047,20.003,20.019,20.000,20.096,20.037,20.074,20.052,20.074
124,0.000,1.797,2.410,3.066,3.686,4.219,4.763,5.326,5.807,6.338,6.841,7.338,7.783,8.334,8.744,9.220,9.651,10.181,10.627,11.041,11.478,11.888,12.303,12.714,13.136,13.648,13.974,14.443,14.862,15.294,15.634,16.063,16.407,16.874,17.217,17.632,18.007,18.403,18.751,19.195,19.543,19.649,20.037,20.058,20.057,20.067,20.055,20.093,20.075,20.024,20.038
125,0.000,1.778,2.431,3.127,3.625,4.227,4.803,5.332,5.851,6.312,6.818,7.302,7.825,8.329,8.781,9.201,9.684,10.119,10.583,11.028,11.469,11.875,12.317,12.798,13.217,13.563,13.986,14.455,14.818,15.288,15.599,16.092,16.484,16.869,17.210,17.598,18.009,18.419,18.837,19.225,19.600,19.688,20.021,20.034,20.083,20.038,20.040,20.013,20.065,20.079,20.057
126,0.000,1.828,2.447,3.113,3.679,4.293,4.820,5.302,5.891,6.407,6.859,7.344,7.794,8.329,8.792,9.274,9.717,10.176,10.550,11.085,11.490,11.868,12.314,12.713,13.196,13.597,14.025,14.399,14.818,15.204,15.638,16.061,16.475,16.803,17.270,17.654,17.985,18.412,18.777,19.160,19.511,19.650,20.046,20.017,20.084,20.062,20.031,20.049,20.078,20.018,20.057
127,0.000,1.774,2.456,3.117,3.722,4.266,4.753,5.289,5.829,6.407,6.826,7.358,7.787,8.334,8.768,9.265,9.704,10.192,10.605,10.988,11.479,11.873,12.384,12.742,13.159,13.599,14.018,14.474,14.812,15.215,15.655,16.079,16.401,16.894,17.260,17.608,17.998,18.365,18.766,19.138,19.512,19.634,20.077,20.001,20.098,20.021,20.049,20.085,20.036,20.083,20.072
128,0.000,1.789,2.504,3.113,3.712,4.209,4.823,5.337,5.896,6.379,6.904,7.306,7.846,8.327,8.811,9.258,9.694,10.151,10.604,11.074,11.476,11.873,12.328,12.810,13.227,13.569,14.037,14.429,14.860,15.276,15.619,16.096,16.407,16.818,17.223,17.608,18.035,18.374,18.806,19.131,19.605,19.653,20.020,20.012,20.053,20.020,20.059,20.003,20.067,20.036,20.065
129,0.000,1.831,2.420,3.102,3.681,4.257,4.779,5.354,5.851,6.379,6.901,7.367,7.815,8.269,8.763,9.206,9.733,10.101,10.568,11.055,11.518,11.916,12.333,12.717,13.214,13.627,14.016,14.404,14.874,15.271,15.639,16.058,16.475,16.881,17.215,17.607,17.993,18.429,18.794,19.135,19.536,19.621,20.035,20.080,20.022,20.023,20.075,20.009,20.077,20.015,20.001
130,0.000,1.812,2.429,3.045,3.632,4.258,4.809,5.368,5.801,6.311,6.813,7.316,7.846,8.345,8.747,9.197,9.670,10.121,10.623,11.000,11.465,11.940,12.354,12.785,13.222,13.562,13.997,14.442,14.861,15.231,15.614,16.084,16.470,16.834,17.255,17.678,18.006,18.440,18.752,19.223,19.532,19.696,20.058,20.073,20.048,20.037,20.025,20.004,20.034,20.083,20.095
131,0.000,1.751,2.431,3.083,3.644,4.248,4.808,5.378,5.889,6.364,6.889,7.331,7.810,8.268,8.772,9.228,9.741,10.105,10.630,10.995,11.466,11.909,12.360,12.730,13.153,13.553,14.016,14.443,14.879,15.233,15.677,16.031,16.469,16.855,17.200,17.642,18.058,18.367,18.829,19.200,19.564,19.659,20.024,20.064,20.069,20.094,20.007,20.008,20.017,20.009,20.002
132,0.000,1.769,2.420,3.130,3.674,4.262,4.826,5.298,5.838,6.327,6.851,7.363,7.821,8.313,8.805,9.280,9.698,10.191,10.558,10.987,11.489,11.867,12.341,12.804,13.152,13.615,14.032,14.470,14.832,15.277,15.634,16.021,16.465,16.845,17.283,17.605,18.042,18.439,18.807,19.146,19.584,19.680,20.056,20.051,20.045,20.065,20.012,20.053,20.042,20.042,20.009
133,0.000,1.812,2.495,3.123,3.663,4.239,4.773,5.287,5.882,6.395,6.821,7.308,7.791,8.313,8.819,9.210,9.718,10.167,10.637,11.003,11.504,11.922,12.345,12.777,13.181,13.649,14.009,14.449,14.864,15.258,15.630,16.096,16.476,16.815,17.197,17.632,18.018,18.436,18.780,19.161,19.548,19.695,20.009,20.005,20.087,20.019,20.032,20.025,20.008,20.019,20.029
134,0.000,1.761,2.439,3.101,3.678,4.223,4.756,5.302,5.840,6.390,6.848,7.329,7.789,8.324,8.822,9.241,9.677,10.145,10.600,11.006,11.462,11.877,12.355,12.724,13.182,13.610,14.002,14.457,14.801,15.257,15.602,16.072,16.458,16.829,17.275,17.680,17.981,18.387,18.812,19.152,19.541,19.689,20.030,20.059,20.079,20.069,20.013,20.008,20.067,20.019,20.017
135,0.000,1.799,2.420,3.081,3.712,4.265,4.748,5.371,5.874,6.399,6.860,7.344,7.850,8.274,8.735,9.198,9.704,10.122,10.561,11.017,11.460,11.871,12.334,12.739,13.138,13.556,14.010,14.426,14.834,15.289,15.605,16.016,16.430,16.852,17.275,17.602,18.038,18.388,18.801,19.198,19.533,19.692,20.052,20.081,20.044,20.073,20.086,20.076,20.028,20.029,20.067
136,0.000,1.809,2.506,3.049,3.677,4.215,4.816,5.330,5.831,6.404,6.897,7.342,7.819,8.339,8.744,9.227,9.652,10.106,10.629,11.079,11.501,11.874,12.377,12.777,13.210,13.572,13.992,14.422,14.816,15.215,15.606,16.028,16.406,16.809,17.240,17.655,18.041,18.455,18.828,19.202,19.514,19.638,20.064,20.050,20.085,20.092,20.065,20.094,20.038,20.037,20.071
137,0.000,1.806,2.425,3.051,3.694,4.280,4.746,5.336,5.844,6.324,6.900,7.310,7.795,8.272,8.797,9.242,9.725,10.108,10.639,10.992,11.471,11.955,12.361,12.765,13.162,13.604,13.971,14.439,14.804,15.245,15.610,16.082,16.460,16.834,17.268,17.642,17.978,18.370,18.832,19.216,19.561,19.654,20.029,20.029,20.053,20.004,20.074,20.045,20.097,20.025,20.093
138,0.000,1.762,2.483,3.092,3.717,4.203,4.825,5.337,5.876,6.385,6.836,7.334,7.845,8.260,8.768,9.208,9.724,10.166,10.568,11.022,11.494,11.937,12.332,12.795,13.161,13.552,14.001,14.446,14.835,15.195,15.639,16.048,16.487,16.839,17.253,17.605,18.033,18.429,18.791,19.186,19.545,19.674,20.065,20.016,20.062,20.065,20.075,20.040,20.084,20.044,20.063
139,0.000,1.815,2.507,3.071,3.693,4.274,4.772,5.331,5.895,6.347,6.816,7.353,7.864,8.317,8.806,9.271,9.723,10.189,10.614,11.037,11.476,11.943,12.363,12.802,13.161,13.623,14.043,14.429,14.845,15.241,15.602,16.089,16.401,16.804,17.270,17.657,18.031,18.363,18.827,19.167,19.605,19.619,20.061,20.053,20.063,20.077,20.071,20.069,20.040,20.099,20.022
140,0.000,1.768,2.493,3.045,3.636,4.239,4.745,5.367,5.859,6.405,6.818,7.343,7.809,8.296,8.819,9.241,9.711,10.132,10.547,11.054,11.499,11.903,12.353,12.786,13.188,13.640,13.996,14.445,14.865,15.236,15.683,16.080,16.478,16.860,17.244,17.667,17.992,18.423,18.766,19.151,19.557,19.649,20.015,20.073,20.059,20.027,20.045,20.015,20.098,20.032,20.056
141,0.000,1.802,2.466,3.089,3.629,4.220,4.809,5.325,5.800,6.408,6.812,7.304,7.883,8.311,8.766,9.196,9.680,10.169,10.637,11.060,11.474,11.904,12.316,12.745,13.152,13.564,14.031,14.454,14.856,15.227,15.682,16.011,16.410,16.894,17.216,17.625,17.978,18.382,18.771,19.225,19.560,19.653,20.033,20.069,20.002,20.098,20.082,20.097,20.017,20.060,20.095
142,0.000,1.783,2.491,3.109,3.630,4.203,4.753,5.364,5.852,6.398,6.895,7.379,7.871,8.340,8.807,9.269,9.697,10.124,10.553,11.029,11.439,11.956,12.311,12.719,13.190,13.573,14.059,14.390,14.830,15.238,15.677,16.063,16.486,16.816,17.253,17.676,18.003,18.420,18.819,19.163,19.572,19.642,20.036,20.079,20.009,20.018,20.042,20.080,20.010,20.075,20.086
143,0.000,1.766,2.507,3.118,3.675,4.223,4.823,5.370,5.899,6.321,6.852,7.342,7.799,8.292,8.759,9.250,9.654,10.113,10.632,11.040,11.445,11.881,12.338,12.806,13.170,13.563,14.025,14.463,14.801,15.238,15.608,16.096,16.399,16.811,17.288,17.627,18.010,18.414,18.809,19.201,19.537,19.651,20.099,20.018,20.056,20.059,20.048,20.020,20.006,20.079,20.041
144,0.000,1.831,2.415,3.041,3.689,4.241,4.777,5.334,5.811,6.340,6.909,7.357,7.852,8.270,8.787,9.237,9.736,10.131,10.580,11.023,11.472,11.884,12.349,12.735,13.143,13.625,13.984,14.411,14.812,15.211,15.679,16.066,16.442,16.829,17.226,17.649,18.049,18.404,18.766,19.170,19.572,19.682,20.091,20.072,20.068,20.002,20.009,20.057,20.077,20.029,20.044
145,0.000,1.777,2.483,3.046,3.703,4.198,4.769,5.359,5.855,6.361,6.865,7.328,7.879,8.300,8.784,9.201,9.705,10.172,10.623,10.995,11.483,11.906,12.383,12.752,13.189,13.616,14.012,14.417,14.804,15.259,15.634,16.044,16.493,16.842,17.193,17.667,18.008,18.380,18.749,19.197,19.516,19.608,20.002,20.056,20.032,20.029,20.080,20.046,20.021,20.030,20.067
146,0.000,1.836,2.490,3.068,3.647,4.270,4.785,5.316,5.835,6.345,6.863,7.345,7.805,8.345,8.768,9.268,9.706,10.158,10.607,11.040,11.476,11.934,12.296,12.727,13.164,13.605,13.967,14.403,14.850,15.272,15.643,16.059,16.446,16.850,17.248,17.673,17.991,18.402,18.768,19.190,19.568,19.644,20.019,20.057,20.077,20.071,20.033,20.100,20.058,20.019,20.035
147,0.000,1.748,2.484,3.074,3.648,4.248,4.750,5.339,5.810,6.356,6.813,7.300,7.795,8.292,8.779,9.256,9.742,10.100,10.587,11.081,11.474,11.919,12.295,12.802,13.144,13.602,14.009,14.406,14.800,15.277,15.656,16.018,16.491,16.829,17.227,17.655,17.995,18.422,18.749,19.136,19.519,19.662,20.068,20.042,20.086,20.094,20.036,20.033,20.006,20.023,20.066
148,0.000,1.797,2.442,3.057,3.716,4.259,4.818,5.292,5.884,6.391,6.813,7.312,7.883,8.333,8.802,9.228,9.672,10.151,10.599,11.033,11.473,11.884,12.301,12.786,13.209,13.592,14.030,14.436,14.833,15.282,15.614,16.074,16.424,16.882,17.242,17.629,18.023,18.401,18.793,19.187,19.580,19.683,20.022,20.038,20.062,20.055,20.013,20.084,20.033,20.009,20.064
149,0.000,1.753,2.418,3.104,3.641,4.233,4.841,5.368,5.890,6.382,6.829,7.386,7.790,8.282,8.809,9.215,9.736,10.146,10.600,11.036,11.466,11.943,12.348,12.737,13.172,13.573,14.000,14.436,14.803,15.288,15.692,16.074,16.472,16.848,17.192,17.607,17.989,18.430,18.784,19.199,19.579,19.605,20.004,20.044,20.020,20.016,20.037,20.036,20.058,20.021,20.059
150,0.000,1.816,2.413,3.086,3.683,4.284,4.795,5.360,5.828,6.395,6.813,7.345,7.823,8.295,8.792,9.257,9.702,10.194,10.600,11.060,11.485,11.937,12.375,12.755,13.161,13.599,13.994,14.466,14.851,15.275,15.688,16.080,16.471,16.894,17.265,17.652,17.976,18.439,18.758,19.191,19.562,19.607,20.081,20.055,20.008,20.063,20.009,20.008,20.088,20.045,20.023
151,0.000,1.792,2.438,3.064,3.672,4.201,4.833,5.361,5.860,6.382,6.839,7.356,7.877,8.260,8.786,9.217,9.740,10.182,10.548,11.030,11.431,11.920,12.291,12.802,13.154,13.632,13.989,14.423,14.822,15.228,15.658,16.042,16.470,16.846,17.251,17.642,17.981,18.369,18.809,19.167,19.571,19.632,20.034,20.011,20.035,20.022,20.068,20.074,20.052,20.049,20.093
152,0.000,1.826,2.412,3.107,3.687,4.283,4.756,5.347,5.898,6.388,6.839,7.302,7.824,8.342,8.760,9.202,9.650,10.150,10.623,11.036,11.449,11.859,12.330,12.713,13.167,13.623,14.031,14.381,14.818,15.224,15.650,16.086,16.409,16.866,17.259,17.602,17.979,18.447,18.804,19.139,19.601,19.619,20.051,20.020,20.002,20.016,20.037,20.019,20.094,20.094,20.090
153,0.000,1.822,2.452,3.127,3.641,4.234,4.807,5.318,5.851,6.389,6.906,7.330,7.812,8.307,8.756,9.224,9.702,10.103,10.584,11.081,11.511,11.857,12.335,12.730,13.193,13.592,14.041,14.473,14.806,15.235,15.695,16.025,16.447,16.891,17.209,17.642,17.980,18.419,18.811,19.174,19.549,19.644,20.070,20.088,20.041,20.047,20.092,20.057,20.031,20.091,20.053
154,0.000,1.763,2.409,3.104,3.659,4.271,4.797,5.291,5.818,6.348,6.895,7.370,7.843,8.289,8.795,9.221,9.707,10.103,10.574,10.993,11.445,11.865,12.294,12.734,13.137,13.582,14.010,14.381,14.831,15.213,15.650,16.007,16.469,16.811,17.241,17.596,18.032,18.411,18.756,19.214,19.530,19.625,20.060,20.043,20.091,20.011,20.004,20.099,20.027,20.021,20.031
155,0.000,1.812,2.422,3.041,3.710,4.258,4.752,5.324,5.888,6.378,6.879,7.349,7.801,8.357,8.776,9.217,9.744,10.141,10.565,11.075,11.521,11.924,12.337,12.785,13.204,13.629,13.977,14.397,14.814,15.196,15.652,16.068,16.465,16.895,17.198,17.652,18.053,18.444,18.814,19.148,19.579,19.650,20.055,20.028,20.049,20.072,20.056,20.088,20.010,20.097,20.062
156,0.000,1.839,2.449,3.124,3.636,4.205,4.767,5.345,5.884,6.396,6.903,7.362,7.801,8.330,8.738,9.221,9.669,10.139,10.599,11.026,11.478,11.881,12.333,12.768,13.133,13.650,14.056,14.405,14.802,15.270,15.634,16.016,16.414,16.830,17.241,17.600,18.046,18.425,18.763,19.184,19.528,19.630,20.072,20.030,20.097,20.073,20.080,20.023,20.007,20.019,20.093
157,0.000,1.806,2.456,3.046,3.685,4.241,4.814,5.293,5.822,6.340,6.890,7.383,7.858,8.270,8.755,9.240,9.679,10.191,10.596,11.038,11.443,11.886,12.298,12.785,13.180,13.645,14.022,14.383,14.868,15.231,15.604,16.035,16.462,16.873,17.258,17.676,17.974,18.430,18.795,19.130,19.574,19.621,20.021,20.048,20.099,20.045,20.036,20.024,20.064,20.100,20.089
158,0.000,1.784,2.467,3.109,3.689,4.209,4.794,5.332,5.897,6.342,6.883,7.330,7.793,8.270,8.761,9.271,9.701,10.180,10.629,10.986,11.449,11.868,12.291,12.724,13.188,13.637,14.046,14.423,14.871,15.284,15.637,16.034,16.415,16.800,17.258,17.618,18.067,18.390,18.819,19.219,19.525,19.639,20.026,20.016,20.083,20.045,20.025,20.012,20.066,20.050,20.008
159,0.000,1.816,2.415,3.064,3.648,4.210,4.785,5.336,5.833,6.350,6.826,7.339,7.854,8.355,8.750,9.242,9.692,10.153,10.620,11.050,11.431,11.868,12.339,12.737,13.212,13.614,14.031,14.469,14.851,15.268,15.656,16.075,16.411,16.805,17.266,17.583,18.017,18.384,18.786,19.156,19.551,19.669,20.094,20.054,20.018,20.056,20.040,20.028,20.014,20.048,20.061
160,0.000,1.816,2.508,3.127,3.657,4.219,4.806,5.334,5.887,6.344,6.843,7.307,7.865,8.358,8.755,9.214,9.657,10.190,10.638,10.996,11.435,11.951,12.354,12.726,13.140,13.568,14.052,14.421,14.819,15.229,15.642,16.082,16.401,16.828,17.206,17.586,18.029,18.424,18.789,19.212,19.576,19.634,20.042,20.086,20.070,20.061,20.095,20.079,20.000,20.088,20.010
161,0.000,1.782,2.417,3.097,3.714,4.193,4.836,5.303,5.860,6.328,6.818,7.315,7.808,8.333,8.738,9.280,9.687,10.128,10.595,11.013,11.494,11.915,12.377,12.735,13.207,13.556,14.042,14.441,14.821,15.294,15.607,16.055,16.434,16.848,17.267,17.676,17.992,18.402,18.746,19.188,19.597,19.687,20.030,20.040,20.035,20.099,20.014,20.014,20.015,20.035,20.007
162,0.000,1.768,2.465,3.061,3.664,4.289,4.812,5.354,5.813,6.375,6.816,7.388,7.865,8.276,8.811,9.235,9.727,10.134,10.555,10.993,11.452,11.914,12.315,12.808,13.183,13.623,14.026,14.433,14.882,15.262,15.663,16.053,16.419,16.883,17.271,17.620,18.052,18.440,18.758,19.219,19.526,19.673,20.080,20.098,20.043,20.090,20.099,20.057,20.065,20.072,20.030
163,0.000,1.811,2.501,3.096,3.711,4.231,4.745,5.288,5.863,6.381,6.835,7.363,7.862,8.268,8.735,9.256,9.704,10.192,10.617,10.993,11.521,11.926,12.329,12.767,13.217,13.607,14.053,14.408,14.801,15.285,15.650,16.070,16.491,16.846,17.253,17.602,18.025,18.423,18.770,19.153,19.517,19.644,20.056,20.030,20.009,20.074,20.012,20.049,20.007,20.056,20.064
164,0.000,1.807,2.417,3.058,3.686,4.210,4.750,5.355,5.864,6.347,6.836,7.391,7.788,8.313,8.808,9.285,9.712,10.136,10.548,11.076,11.507,11.908,12.360,12.791,13.220,13.619,13.973,14.466,14.864,15.274,15.650,16.001,16.452,16.819,17.214,17.604,18.038,18.393,18.798,19.174,19.543,19.680,20.011,20.036,20.045,20.078,20.014,20.047,20.057,20.009,20.060
165,0.000,1.796,2.476,3.052,3.634,4.211,4.796,5.354,5.863,6.386,6.849,7.363,7.784,8.308,8.791,9.222,9.683,10.170,10.624,11.004,11.461,11.906,12.286,12.735,13.147,13.615,14.047,14.452,14.852,15.246,15.640,16.022,16.474,16.817,17.250,17.643,18.016,18.430,18.768,19.220,19.510,19.627,20.026,20.057,20.074,20.012,20.033,20.081,20.065,20.072,20.000
166,0.000,1.752,2.433,3.051,3.657,4.206,4.826,5.303,5.863,6.347,6.866,7.337,7.804,8.297,8.750,9.280,9.745,10.184,10.578,11.043,11.505,11.916,12.370,12.747,13.144,13.646,14.053,14.381,14.886,15.238,15.686,16.087,16.458,16.829,17.268,17.670,18.004,18.409,18.749,19.157,19.578,19.620,20.083,20.071,20.003,20.096,20.073,20.089,20.019,20.028,20.069
167,0.000,1.762,2.417,3.089,3.665,4.239,4.820,5.332,5.835,6.367,6.847,7.313,7.860,8.321,8.783,9.253,9.660,10.195,10.554,11.064,11.444,11.943,12.319,12.783,13.231,13.601,13.973,14.427,14.836,15.277,15.665,16.049,16.491,16.842,17.284,17.678,18.066,18.450,18.760,19.154,19.561,19.632,20.024,20.041,20.053,20.076,20.010,20.052,20.092,20.068,20.014
168,0.000,1.807,2.437,3.072,3.723,4.212,4.829,5.350,5.879,6.327,6.891,7.374,7.856,8.269,8.787,9.280,9.652,10.151,10.554,11.010,11.460,11.885,12.337,12.736,13.215,13.632,14.030,14.466,14.790,15.284,15.664,16.092,16.404,16.801,17.204,17.595,18.047,18.403,18.763,19.198,19.589,19.673,20.035,20.024,20.036,20.072,20.078,20.047,20.070,20.068,20.011
169,0.000,1.832,2.477,3.098,3.706,4.254,4.765,5.309,5.842,6.398,6.857,7.376,7.802,8.326,8.786,9.279,9.672,10.102,10.635,11.023,11.496,11.950,12.289,12.728,13.166,13.639,14.061,14.441,14.853,15.247,15.663,16.076,16.459,16.884,17.237,17.662,17.988,18.457,18.787,19.170,19.560,19.614,20.013,20.020,20.043,20.036,20.053,20.075,20.024,20.023,20.066
170,0.000,1.764,2.490,3.095,3.680,4.202,4.772,5.303,5.863,6.312,6.837,7.395,7.880,8.325,8.747,9.260,9.673,10.148,10.620,10.995,11.476,11.873,12.318,12.736,13.157,13.566,14.020,14.386,14.842,15.217,15.631,16.033,16.419,16.872,17.288,17.620,18.016,18.429,18.767,19.133,19.564,19.658,20.034,20.059,20.083,20.082,20.034,20.002,20.080,20.095,20.004
171,0.000,1.807,2.495,3.083,3.713,4.227,4.746,5.344,5.850,6.388,6.890,7.373,7.871,8.297,8.728,9.205,9.744,10.146,10.617,11.024,11.466,11.929,12.352,12.747,13.185,13.600,14.040,14.448,14.828,15.266,15.653,16.013,16.413,16.873,17.217,17.656,17.988,18.362,18.788,19.153,19.571,19.652,20.098,20.071,20.039,20.073,20.010,20.041,20.059,20.089,20.076
172,0.000,1.745,2.454,3.036,3.715,4.214,4.839,5.377,5.857,6.384,6.877,7.334,7.784,8.340,8.808,9.254,9.657,10.128,10.597,11.072,11.447,11.883,12.297,12.787,13.136,13.574,14.025,14.475,14.881,15.219,15.617,16.100,16.432,16.878,17.218,17.649,18.043,18.456,18.795,19.136,19.527,19.638,20.054,20.081,20.004,20.079,20.039,20.051,20.100,20.015,20.048
173,0.000,1.752,2.433,3.070,3.678,4.234,4.798,5.316,5.809,6.409,6.868,7.387,7.796,8.281,8.801,9.245,9.651,10.173,10.594,10.993,11.514,11.874,12.374,12.768,13.228,13.571,14.057,14.429,14.844,15.232,15.612,16.061,16.494,16.866,17.265,17.664,18.019,18.456,18.765,19.218,19.585,19.624,20.084,20.052,20.007,20.015,20.037,20.032,20.075,20.037,20.023
174,0.000,1.812,2.441,3.068,3.690,4.250,4.794,5.370,5.898,6.406,6.889,7.371,7.860,8.291,8.803,9.286,9.721,10.128,10.584,11.083,11.473,11.899,12.380,12.805,13.229,13.634,14.066,14.396,14.795,15.276,15.665,16.087,16.416,16.855,17.248,17.678,18.014,18.388,18.788,19.218,19.527,19.611,20.079,20.000,20.072,20.061,20.012,20.031,20.028,20.063,20.057
175,0.000,1.755,2.498,3.081,3.637,4.218,4.777,5.309,5.838,6.326,6.813,7.364,7.875,8.354,8.807,9.235,9.716,10.144,10.558,11.063,11.499,11.872,12.344,12.754,13.170,13.592,14.015,14.464,14.809,15.260,15.629,16.064,16.405,16.891,17.243,17.671,18.031,18.397,18.744,19.223,19.567,19.659,20.015,20.069,20.037,20.083,20.043,20.057,20.075,20.088,20.069
176,0.000,1.783,2.470,3.065,3.685,4.216,4.796,5.328,5.895,6.371,6.810,7.391,7.817,8.355,8.735,9.245,9.675,10.122,10.583,11.075,11.520,11.863,12.373,12.806,13.135,13.634,14.030,14.478,14.848,15.260,15.692,16.000,16.466,16.854,17.193,17.660,18.051,18.422,18.841,19.128,19.519,19.647,20.019,20.097,20.056,20.069,20.023,20.074,20.098,20.053,20.081
177,0.000,1.759,2.507,3.035,3.666,4.260,4.836,5.347,5.806,6.408,6.888,7.348,7.858,8.342,8.759,9.234,9.677,10.179,10.573,11.014,11.425,11.885,12.300,12.776,13.161,13.594,13.991,14.380,14.847,15.285,15.600,16.020,16.471,16.841,17.223,17.602,18.037,18.386,18.837,19.167,19.605,19.628,20.064,20.087,20.004,20.076,20.063,20.047,20.083,20.050,20.018
178,0.000,1.840,2.476,3.099,3.709,4.291,4.763,5.329,5.825,6.329,6.902,7.389,7.831,8.343,8.784,9.219,9.726,10.106,10.635,11.047,11.446,11.872,12.362,12.714,13.178,13.566,14.054,14.398,14.852,15.260,15.671,16.034,16.412,16.807,17.268,17.635,18.040,18.384,18.807,19.195,19.519,19.612,20.009,20.012,20.094,20.028,20.053,20.079,20.020,20.070,20.065
179,0.000,1.835,2.457,3.060,3.710,4.282,4.803,5.278,5.880,6.406,6.862,7.377,7.854,8.308,8.822,9.278,9.732,10.136,10.591,11.053,11.463,11.886,12.319,12.798,13.195,13.588,14.007,14.397,14.860,15.212,15.653,16.068,16.441,16.862,17.282,17.598,18.011,18.392,18.836,19.148,19.606,19.611,20.075,20.057,20.064,20.061,20.078,20.049,20.075,20.099,20.009
180,0.000,1.809,2.410,3.121,3.708,4.252,4.764,5.310,5.801,6.314,6.905,7.387,7.805,8.331,8.822,9.203,9.683,10.174,10.633,11.063,11.509,11.910,12.320,12.764,13.134,13.639,13.969,14.439,14.796,15.219,15.669,16.024,16.493,16.871,17.242,17.651,18.009,18.407,18.805,19.176,19.544,19.642,20.045,20.003,20.052,20.045,20.032,20.003,20.081,20.067,20.043
181,0.000,1.772,2.499,3.081,3.688,4.201,4.829,5.308,5.848,6.396,6.874,7.374,7.806,8.270,8.820,9.223,9.674,10.168,10.594,11.065,11.515,11.865,12.318,12.717,13.142,13.553,13.982,14.471,14.869,15.222,15.623,16.043,16.412,16.851,17.212,17.646,17.999,18.444,18.788,19.176,19.563,19.682,20.035,20.061,20.028,20.004,20.061,20.099,20.006,20.003,20.099
182,0.000,1.800,2.423,3.082,3.660,4.208,4.756,5.329,5.802,6.342,6.854,7.353,7.790,8.317,8.765,9.262,9.661,10.169,10.575,11.021,11.435,11.906,12.336,12.772,13.201,13.613,14.053,14.443,14.862,15.280,15.687,16.093,16.481,16.845,17.237,17.605,17.988,18.386,18.778,19.181,19.591,19.680,20.000,20.029,20.057,20.040,20.084,20.025,20.096,20.022,20.038
183,0.000,1.819,2.488,3.113,3.708,4.248,4.787,5.329,5.888,6.344,6.894,7.382,7.814,8.259,8.799,9.260,9.662,10.122,10.560,11.085,11.425,11.892,12.298,12.769,13.135,13.579,14.053,14.411,14.840,15.211,15.629,16.062,16.466,16.800,17.249,17.669,18.024,18.371,18.758,19.135,19.590,19.634,20.030,20.078,20.048,20.083,20.043,20.094,20.003,20.099,20.076
184,0.000,1.825,2.455,3.068,3.662,4.198,4.751,5.325,5.812,6.370,6.845,7.321,7.791,8.320,8.781,9.190,9.676,10.136,10.561,11.046,11.502,11.949,12.322,12.750,13.137,13.624,13.985,14.414,14.808,15.200,15.677,16.006,16.407,16.798,17.249,17.626,18.038,18.427,18.788,19.168,19.521,19.674,20.031,20.069,20.080,20.031,20.023,20.028,20.035,20.090,20.077
185,0.000,1.804,2.473,3.121,3.685,4.242,4.779,5.359,5.841,6.397,6.814,7.371,7.802,8.272,8.752,9.216,9.674,10.197,10.558,11.041,11.474,11.956,12.370,12.806,13.172,13.605,14.044,14.457,14.818,15.215,15.679,16.085,16.413,16.854,17.240,17.671,17.972,18.406,18.841,19.200,19.565,19.602,20.070,20.027,20.072,20.012,20.056,20.003,20.033,20.026,20.040
186,0.000,1.821,2.444,3.055,3.712,4.280,4.837,5.362,5.853,6.336,6.905,7.356,7.812,8.272,8.729,9.286,9.693,10.114,10.558,11.042,11.439,11.891,12.292,12.730,13.221,13.625,13.973,14.466,14.843,15.248,15.630,16.026,16.400,16.802,17.230,17.663,18.023,18.358,18.761,19.162,19.524,19.684,20.043,20.047,20.033,20.095,20.100,20.089,20.082,20.012,20.079
187,0.000,1.804,2.438,3.121,3.645,4.239,4.837,5.347,5.814,6.310,6.886,7.322,7.881,8.340,8.788,9.279,9.722,10.182,10.570,10.989,11.445,11.899,12.336,12.807,13.170,13.583,14.048,14.435,14.829,15.271,15.663,16.020,16.495,16.848,17.231,17.644,18.022,18.431,18.748,19.169,19.527,19.683,20.082,20.066,20.007,20.002,20.087,20.026,20.090,20.031,20.015
188,0.000,1.779,2.440,3.116,3.649,4.222,4.839,5.368,5.861,6.393,6.879,7.347,7.880,8.309,8.777,9.266,9.734,10.175,10.590,11.017,11.433,11.895,12.381,12.714,13.164,13.567,14.028,14.436,14.869,15.258,15.639,16.013,16.462,16.871,17.254,17.591,18.014,18.434,18.801,19.161,19.516,19.670,20.083,20.087,20.057,20.052,20.075,20.045,20.077,20.041,20.021
189,0.000,1.802,2.500,3.130,3.680,4.261,4.814,5.367,5.887,6.322,6.830,7.348,7.874,8.276,8.733,9.223,9.731,10.133,10.566,11.023,11.502,11.913,12.339,12.732,13.155,13.612,13.980,14.457,14.808,15.286,15.632,16.004,16.496,16.816,17.224,17.643,18.041,18.392,18.825,19.186,19.513,19.619,20.079,20.032,20.079,20.032,20.026,20.072,20.055,20.012,20.042
190,0.000,1.745,2.458,3.122,3.674,4.265,4.765,5.287,5.873,6.330,6.826,7.383,7.878,8.260,8.766,9.247,9.728,10.104,10.570,11.066,11.515,11.934,12.345,12.770,13.193,13.626,13.999,14.408,14.852,15.224,15.657,16.008,16.464,16.858,17.278,17.639,17.999,18.370,18.793,19.135,19.516,19.613,20.037,20.089,20.019,20.050,20.078,20.073,20.025,20.073,20.024
191,0.000,1.826,2.505,3.064,3.662,4.247,4.812,5.349,5.844,6.328,6.847,7.384,7.854,8.356,8.760,9.242,9.725,10.163,10.554,11.007,11.500,11.869,12.337,12.711,13.176,13.578,13.990,14.393,14.873,15.261,15.642,16.006,16.430,16.837,17.259,17.676,18.026,18.401,18.781,19.168,19.604,19.646,20.092,20.077,20.099,20.041,20.090,20.052,20.078,20.071,20.062
192,0.000,1.827,2.466,3.051,3.655,4.235,4.842,5.356,5.855,6.395,6.853,7.349,7.787,8.324,8.793,9.236,9.697,10.164,10.599,11.079,11.512,11.873,12.379,12.785,13.171,13.598,14.050,14.404,14.831,15.218,15.685,16.028,16.498,16.837,17.277,17.671,18.066,18.378,18.765,19.168,19.573,19.690,20.068,20.072,20.078,20.008,20.026,20.048,20.056,20.016,20.019
193,0.000,1.779,2.409,3.046,3.705,4.207,4.770,5.323,5.853,6.342,6.906,7.340,7.809,8.291,8.823,9.229,9.735,10.102,10.555,11.033,11.457,11.916,12.298,12.734,13.206,13.601,14.016,14.432,14.869,15.212,15.621,16.020,16.465,16.823,17.263,17.675,18.023,18.400,18.836,19.139,19.535,19.646,20.067,20.086,20.091,20.078,20.020,20.061,20.060,20.090,20.022
194,0.000,1.746,2.507,3.128,3.630,4.221,4.825,5.352,5.870,6.327,6.867,7.390,7.836,8.275,8.821,9.261,9.697,10.162,10.569,11.063,11.485,11.861,12.293,12.783,13.133,13.616,14.051,14.466,14.805,15.213,15.628,16.084,16.443,16.848,17.198,17.656,18.004,18.371,18.794,19.131,19.554,19.632,20.002,20.068,20.010,20.089,20.021,20.064,20.074,20.036,20.015
195,0.000,1.778,2.484,3.126,3.689,4.279,4.797,5.369,5.841,6.313,6.888,7.323,7.836,8.340,8.774,9.230,9.736,10.178,10.598,11.040,11.473,11.859,12.366,12.736,13.202,13.569,13.994,14.413,14.838,15.290,15.645,16.067,16.478,16.877,17.197,17.660,18.038,18.363,18.748,19.184,19.517,19.603,20.085,20.025,20.037,20.026,20.027,20.062,20.010,20.032,20.097
196,0.000,1.759,2.457,3.045,3.668,4.211,4.775,5.351,5.810,6.354,6.867,7.354,7.793,8.319,8.771,9.251,9.737,10.106,10.580,11.023,11.445,11.922,12.347,12.721,13.151,13.623,14.018,14.459,14.842,15.214,15.627,16.024,16.440,16.885,17.239,17.659,18.010,18.404,18.832,19.206,19.517,19.685,20.085,20.073,20.033,20.037,20.018,20.046,20.001,20.014,20.073
197,0.000,1.788,2.477,3.090,3.698,4.259,4.842,5.340,5.840,6.327,6.853,7.362,7.833,8.311,8.763,9.212,9.678,10.121,10.603,11.043,11.467,11.890,12.286,12.772,13.226,13.615,14.054,14.384,14.817,15.276,15.630,16.013,16.452,16.797,17.282,17.594,18.045,18.358,18.747,19.211,19.568,19.641,20.056,20.035,20.014,20.004,20.040,20.099,20.092,20.077,20.027
198,0.000,1.745,2.450,3.047,3.689,4.279,4.793,5.281,5.872,6.376,6.849,7.350,7.791,8.279,8.798,9.229,9.725,10.159,10.580,11.070,11.466,11.865,12.375,12.741,13.224,13.644,13.973,14.409,14.874,15.229,15.610,16.083,16.481,16.801,17.288,17.660,18.025,18.413,18.757,19.153,19.587,19.665,20.038,20.040,20.098,20.088,20.023,20.062,20.015,20.069,20.073
199,0.000,1.802,2.495,3.064,3.708,4.243,4.832,5.316,5.884,6.406,6.832,7.393,7.789,8.292,8.764,9.223,9.683,10.138,10.625,11.048,11.434,11.931,12.303,12.805,13.141,13.569,14.060,14.408,14.801,15.256,15.659,16.089,16.478,16.802,17.230,17.591,17.996,18.407,18.755,19.192,19.568,19.663,20.084,20.040,20.045,20.065,20.072,20.096,20.050,20.026,20.032
200,0.000,1.784,2.498,3.069,3.671,4.229,4.794,5.307,5.888,6.323,6.863,7.346,7.881,8.326,8.779,9.230,9.703,10.182,10.572,11.076,11.504,11.946,12.350,12.752,13.186,13.614,13.974,14.452,14.804,15.261,15.652,16.065,16.454,16.888,17.220,17.665,18.049,18.443,18.825,19.213,19.607,19.656,20.050,20.053,20.017,20.090,20.059,20.075,20.048,20.060,20.076