Time,Value
0.000,0.000
0.001,0.000
0.002,0.000
0.003,0.000
0.004,0.000
0.005,0.000
0.006,0.000
0.007,0.000
0.008,0.000
0.009,0.000
0.010,0.000
0.011,0.000
0.012,0.000
0.013,0.000
0.014,0.000
0.015,0.000
0.016,0.000
0.017,0.000
0.018,0.000
0.019,0.000
0.020,0.000
0.021,0.000
0.022,0.000
0.023,0.000
0.024,0.000
0.025,0.000
0.026,0.000
0.027,0.000
0.028,0.000
0.029,0.000
0.030,0.000
0.031,0.000
0.032,0.000
0.033,0.000
0.034,0.000
0.035,0.001
0.036,0.001
0.037,0.001
0.038,0.001
0.039,0.001
0.040,0.001
0.041,0.001
0.042,0.001
0.043,0.001
0.044,0.001
0.045,0.001
0.046,0.002
0.047,0.002
0.048,0.002
0.049,0.002
0.050,0.002
0.051,0.002
0.052,0.002
0.053,0.003
0.054,0.003
0.055,0.003
0.056,0.003
0.057,0.004
0.058,0.004
0.059,0.004
0.060,0.004
0.061,0.005
0.062,0.005
0.063,0.005
0.064,0.006
0.065,0.006
0.066,0.006
0.067,0.007
0.068,0.007
0.069,0.008
0.070,0.008
0.071,0.009
0.072,0.009
0.073,0.010
0.074,0.010
0.075,0.011
0.076,0.011
0.077,0.012
0.078,0.013
0.079,0.013
0.080,0.014
0.081,0.015
0.082,0.015
0.083,0.016
0.084,0.017
0.085,0.018
0.086,0.019
0.087,0.019
0.088,0.020
0.089,0.021
0.090,0.022
0.091,0.023
0.092,0.024
0.093,0.025
0.094,0.027
0.095,0.028
0.096,0.029
0.097,0.030
0.098,0.031
0.099,0.033
0.100,0.034
0.101,0.035
0.102,0.037
0.103,0.038
0.104,0.040
0.105,0.041
0.106,0.043
0.107,0.045
0.108,0.046
0.109,0.048
0.110,0.050
0.111,0.052
0.112,0.053
0.113,0.055
0.114,0.057
0.115,0.059
0.116,0.062
0.117,0.064
0.118,0.066
0.119,0.068
0.120,0.070
0.121,0.073
0.122,0.075
0.123,0.078
0.124,0.080
0.125,0.083
0.126,0.086
0.127,0.088
0.128,0.091
0.129,0.094
0.130,0.097
0.131,0.100
0.132,0.103
0.133,0.106
0.134,0.110
0.135,0.113
0.136,0.116
0.137,0.120
0.138,0.123
0.139,0.127
0.140,0.131
0.141,0.134
0.142,0.138
0.143,0.142
0.144,0.146
0.145,0.150
0.146,0.154
0.147,0.159
0.148,0.163
0.149,0.168
0.150,0.172
0.151,0.177
0.152,0.181
0.153,0.186
0.154,0.191
0.155,0.196
0.156,0.201
0.157,0.207
0.158,0.212
0.159,0.217
0.160,0.223
0.161,0.228
0.162,0.234
0.163,0.240
0.164,0.246
0.165,0.252
0.166,0.258
0.167,0.264
0.168,0.271
0.169,0.277
0.170,0.284
0.171,0.291
0.172,0.298
0.173,0.305
0.174,0.312
0.175,0.319
0.176,0.326
0.177,0.334
0.178,0.341
0.179,0.349
0.180,0.357
0.181,0.365
0.182,0.373
0.183,0.381
0.184,0.390
0.185,0.398
0.186,0.407
0.187,0.416
0.188,0.425
0.189,0.434
0.190,0.443
0.191,0.452
0.192,0.462
0.193,0.472
0.194,0.482
0.195,0.492
0.196,0.502
0.197,0.512
0.198,0.522
0.199,0.533
0.200,0.544
0.201,0.555
0.202,0.566
0.203,0.577
0.204,0.589
0.205,0.600
0.206,0.612
0.207,0.624
0.208,0.636
0.209,0.649
0.210,0.661
0.211,0.674
0.212,0.687
0.213,0.700
0.214,0.713
0.215,0.726
0.216,0.740
0.217,0.754
0.218,0.768
0.219,0.782
0.220,0.796
0.221,0.811
0.222,0.826
0.223,0.841
0.224,0.856
0.225,0.871
0.226,0.887
0.227,0.903
0.228,0.919
0.229,0.935
0.230,0.951
0.231,0.968
0.232,0.985
0.233,1.002
0.234,1.019
0.235,1.037
0.236,1.055
0.237,1.073
0.238,1.091
0.239,1.109
0.240,1.128
0.241,1.147
0.242,1.166
0.243,1.185
0.244,1.205
0.245,1.225
0.246,1.245
0.247,1.265
0.248,1.286
0.249,1.307
0.250,1.328
0.251,1.349
0.252,1.371
0.253,1.393
0.254,1.415
0.255,1.437
0.256,1.460
0.257,1.483
0.258,1.506
0.259,1.530
0.260,1.553
0.261,1.578
0.262,1.602
0.263,1.626
0.264,1.651
0.265,1.676
0.266,1.702
0.267,1.728
0.268,1.754
0.269,1.780
0.270,1.807
0.271,1.834
0.272,1.861
0.273,1.888
0.274,1.916
0.275,1.944
0.276,1.973
0.277,2.001
0.278,2.030
0.279,2.060
0.280,2.090
0.281,2.120
0.282,2.150
0.283,2.181
0.284,2.212
0.285,2.243
0.286,2.274
0.287,2.306
0.288,2.339
0.289,2.371
0.290,2.404
0.291,2.438
0.292,2.471
0.293,2.505
0.294,2.540
0.295,2.575
0.296,2.610
0.297,2.645
0.298,2.681
0.299,2.717
0.300,2.754
0.301,2.791
0.302,2.828
0.303,2.865
0.304,2.903
0.305,2.942
0.306,2.981
0.307,3.020
0.308,3.059
0.309,3.099
0.310,3.140
0.311,3.180
0.312,3.221
0.313,3.263
0.314,3.305
0.315,3.360
0.316,3.420
0.317,3.458
0.318,3.471
0.319,3.477
0.320,3.482
0.321,3.485
0.322,3.482
0.323,3.477
0.324,3.471
0.325,3.458
0.326,3.433
0.327,3.390
0.328,3.347
0.329,3.305
0.330,3.263
0.331,3.221
0.332,3.180
0.333,3.140
0.334,3.099
0.335,3.059
0.336,3.020
0.337,2.981
0.338,2.942
0.339,2.903
0.340,2.865
0.341,2.828
0.342,2.791
0.343,2.754
0.344,2.717
0.345,2.681
0.346,2.645
0.347,2.610
0.348,2.575
0.349,2.540
0.350,2.505
0.351,2.471
0.352,2.438
0.353,2.404
0.354,2.371
0.355,2.339
0.356,2.306
0.357,2.274
0.358,2.243
0.359,2.212
0.360,2.181
0.361,2.150
0.362,2.120
0.363,2.090
0.364,2.060
0.365,2.030
0.366,2.001
0.367,1.973
0.368,1.944
0.369,1.916
0.370,1.888
0.371,1.861
0.372,1.834
0.373,1.807
0.374,1.780
0.375,1.754
0.376,1.728
0.377,1.702
0.378,1.676
0.379,1.651
0.380,1.626
0.381,1.602
0.382,1.578
0.383,1.553
0.384,1.530
0.385,1.506
0.386,1.483
0.387,1.460
0.388,1.437
0.389,1.415
0.390,1.393
0.391,1.371
0.392,1.349
0.393,1.328
0.394,1.307
0.395,1.286
0.396,1.265
0.397,1.245
0.398,1.225
0.399,1.205
0.400,1.185
0.401,1.166
0.402,1.147
0.403,1.128
0.404,1.109
0.405,1.091
0.406,1.073
0.407,1.055
0.408,1.037
0.409,1.019
0.410,1.002
0.411,0.985
0.412,0.968
0.413,0.951
0.414,0.935
0.415,0.919
0.416,0.903
0.417,0.887
0.418,0.871
0.419,0.856
0.420,0.841
0.421,0.826
0.422,0.811
0.423,0.796
0.424,0.782
0.425,0.768
0.426,0.754
0.427,0.740
0.428,0.726
0.429,0.713
0.430,0.700
0.431,0.687
0.432,0.674
0.433,0.661
0.434,0.649
0.435,0.636
0.436,0.624
0.437,0.612
0.438,0.600
0.439,0.589
0.440,0.577
0.441,0.566
0.442,0.555
0.443,0.544
0.444,0.533
0.445,0.522
0.446,0.516
0.447,0.496
0.448,0.483
0.449,0.474
0.450,0.466
0.451,0.460
0.452,0.455
0.453,0.450
0.454,0.446
0.455,0.443
0.456,0.439
0.457,0.436
0.458,0.433
0.459,0.430
0.460,0.428
0.461,0.425
0.462,0.423
0.463,0.421
0.464,0.419
0.465,0.417
0.466,0.415
0.467,0.413
0.468,0.412
0.469,0.410
0.470,0.408
0.471,0.407
0.472,0.405
0.473,0.404
0.474,0.402
0.475,0.401
0.476,0.400
0.477,0.398
0.478,0.397
0.479,0.396
0.480,0.395
0.481,0.394
0.482,0.393
0.483,0.392
0.484,0.390
0.485,0.389
0.486,0.388
0.487,0.387
0.488,0.386
0.489,0.385
0.490,0.385
0.491,0.384
0.492,0.383
0.493,0.382
0.494,0.381
0.495,0.380
0.496,0.379
0.497,0.378
0.498,0.378
0.499,0.377
0.500,0.376
0.501,0.375
0.502,0.375
0.503,0.374
0.504,0.373
0.505,0.372
0.506,0.372
0.507,0.371
0.508,0.370
0.509,0.370
0.510,0.369
0.511,0.368
0.512,0.368
0.513,0.367
0.514,0.366
0.515,0.366
0.516,0.365
0.517,0.365
0.518,0.364
0.519,0.363
0.520,0.363
0.521,0.362
0.522,0.362
0.523,0.361
0.524,0.360
0.525,0.360
0.526,0.359
0.527,0.359
0.528,0.358
0.529,0.358
0.530,0.357
0.531,0.357
0.532,0.356
0.533,0.356
0.534,0.355
0.535,0.355
0.536,0.354
0.537,0.354
0.538,0.353
0.539,0.353
0.540,0.352
0.541,0.352
0.542,0.351
0.543,0.351
0.544,0.350
0.545,0.350
0.546,0.350
0.547,0.349
0.548,0.349
0.549,0.348
0.550,0.348
0.551,0.347
0.552,0.347
0.553,0.347
0.554,0.346
0.555,0.346
0.556,0.345
0.557,0.345
0.558,0.344
0.559,0.344
0.560,0.344
0.561,0.343
0.562,0.343
0.563,0.342
0.564,0.342
0.565,0.342
0.566,0.341
0.567,0.341
0.568,0.341
0.569,0.340
0.570,0.340
0.571,0.339
0.572,0.339
0.573,0.339
0.574,0.338
0.575,0.338
0.576,0.338
0.577,0.337
0.578,0.337
0.579,0.337
0.580,0.336
0.581,0.336
0.582,0.336
0.583,0.335
0.584,0.335
0.585,0.335
0.586,0.334
0.587,0.334
0.588,0.334
0.589,0.333
0.590,0.333
0.591,0.333
0.592,0.332
0.593,0.332
0.594,0.332
0.595,0.331
0.596,0.331
0.597,0.331
0.598,0.330
0.599,0.330
0.600,0.330
0.601,0.330
0.602,0.329
0.603,0.329
0.604,0.329
0.605,0.328
0.606,0.328
0.607,0.328
0.608,0.327
0.609,0.327
0.610,0.327
0.611,0.327
0.612,0.326
0.613,0.326
0.614,0.326
0.615,0.325
0.616,0.325
0.617,0.325
0.618,0.325
0.619,0.324
0.620,0.324
0.621,0.324
0.622,0.324
0.623,0.323
0.624,0.323
0.625,0.323
0.626,0.322
0.627,0.322
0.628,0.322
0.629,0.322
0.630,0.321
0.631,0.321
0.632,0.321
0.633,0.321
0.634,0.320
0.635,0.320
0.636,0.320
0.637,0.320
0.638,0.319
0.639,0.319
0.640,0.319
0.641,0.319
0.642,0.318
0.643,0.318
0.644,0.318
0.645,0.318
0.646,0.317
0.647,0.317
0.648,0.317
0.649,0.317
0.650,0.317
0.651,0.316
0.652,0.316
0.653,0.316
0.654,0.316
0.655,0.315
0.656,0.315
0.657,0.315
0.658,0.315
0.659,0.314
0.660,0.314
0.661,0.314
0.662,0.314
0.663,0.314
0.664,0.313
0.665,0.313
0.666,0.313
0.667,0.313
0.668,0.312
0.669,0.312
0.670,0.312
0.671,0.312
0.672,0.312
0.673,0.311
0.674,0.311
0.675,0.311
0.676,0.311
0.677,0.310
0.678,0.310
0.679,0.310
0.680,0.310
0.681,0.310
0.682,0.309
0.683,0.309
0.684,0.309
0.685,0.309
0.686,0.309
0.687,0.308
0.688,0.308
0.689,0.308
0.690,0.308
0.691,0.308
0.692,0.307
0.693,0.307
0.694,0.307
0.695,0.307
0.696,0.307
0.697,0.306
0.698,0.306
0.699,0.306
0.700,0.306
0.701,0.306
0.702,0.305
0.703,0.305
0.704,0.305
0.705,0.305
0.706,0.305
0.707,0.305
0.708,0.304
0.709,0.304
0.710,0.304
0.711,0.304
0.712,0.304
0.713,0.303
0.714,0.303
0.715,0.303
0.716,0.303
0.717,0.303
0.718,0.302
0.719,0.302
0.720,0.302
0.721,0.302
0.722,0.302
0.723,0.302
0.724,0.301
0.725,0.301
0.726,0.301
0.727,0.301
0.728,0.301
0.729,0.300
0.730,0.300
0.731,0.300
0.732,0.300
0.733,0.300
0.734,0.300
0.735,0.299
0.736,0.299
0.737,0.299
0.738,0.299
0.739,0.299
0.740,0.299
0.741,0.298
0.742,0.298
0.743,0.298
0.744,0.298
0.745,0.298
0.746,0.298
0.747,0.297
0.748,0.297
0.749,0.297
0.750,0.297
0.751,0.297
0.752,0.297
0.753,0.296
0.754,0.296
0.755,0.296
0.756,0.296
0.757,0.296
0.758,0.296
0.759,0.295
0.760,0.295
0.761,0.295
0.762,0.295
0.763,0.295
0.764,0.295
0.765,0.294
0.766,0.294
0.767,0.294
0.768,0.294
0.769,0.294
0.770,0.294
0.771,0.294
0.772,0.293
0.773,0.293
0.774,0.293
0.775,0.293
0.776,0.293
0.777,0.293
0.778,0.292
0.779,0.292
0.780,0.292
0.781,0.292
0.782,0.292
0.783,0.292
0.784,0.292
0.785,0.291
0.786,0.291
0.787,0.291
0.788,0.291
0.789,0.291
0.790,0.291
0.791,0.291
0.792,0.290
0.793,0.290
0.794,0.290
0.795,0.290
0.796,0.290
0.797,0.290
0.798,0.290
0.799,0.289
0.800,0.289
0.801,0.289
0.802,0.289
0.803,0.289
0.804,0.289
0.805,0.289
0.806,0.288
0.807,0.288
0.808,0.288
0.809,0.288
0.810,0.288
0.811,0.288
0.812,0.288
0.813,0.287
0.814,0.287
0.815,0.287
0.816,0.287
0.817,0.287
0.818,0.287
0.819,0.287
0.820,0.286
0.821,0.286
0.822,0.286
0.823,0.286
0.824,0.286
0.825,0.286
0.826,0.286
0.827,0.285
0.828,0.285
0.829,0.285
0.830,0.285
0.831,0.285
0.832,0.285
0.833,0.285
0.834,0.285
0.835,0.284
0.836,0.284
0.837,0.284
0.838,0.284
0.839,0.284
0.840,0.284
0.841,0.284
0.842,0.283
0.843,0.283
0.844,0.283
0.845,0.283
0.846,0.283
0.847,0.283
0.848,0.283
0.849,0.283
0.850,0.282
0.851,0.282
0.852,0.282
0.853,0.282
0.854,0.282
0.855,0.282
0.856,0.282
0.857,0.282
0.858,0.281
0.859,0.281
0.860,0.281
0.861,0.281
0.862,0.281
0.863,0.281
0.864,0.281
0.865,0.281
0.866,0.280
0.867,0.280
0.868,0.280
0.869,0.280
0.870,0.280
0.871,0.280
0.872,0.280
0.873,0.280
0.874,0.279
0.875,0.279
0.876,0.279
0.877,0.279
0.878,0.279
0.879,0.279
0.880,0.279
0.881,0.279
0.882,0.278
0.883,0.278
0.884,0.278
0.885,0.278
0.886,0.278
0.887,0.278
0.888,0.278
0.889,0.278
0.890,0.278
0.891,0.277
0.892,0.277
0.893,0.277
0.894,0.277
0.895,0.277
0.896,0.277
0.897,0.277
0.898,0.277
0.899,0.276
0.900,0.276
0.901,0.276
0.902,0.276
0.903,0.276
0.904,0.276
0.905,0.276
0.906,0.276
0.907,0.276
0.908,0.275
0.909,0.275
0.910,0.275
0.911,0.275
0.912,0.275
0.913,0.275
0.914,0.275
0.915,0.275
0.916,0.275
0.917,0.274
0.918,0.274
0.919,0.274
0.920,0.274
0.921,0.274
0.922,0.274
0.923,0.274
0.924,0.274
0.925,0.274
0.926,0.273
0.927,0.273
0.928,0.273
0.929,0.273
0.930,0.273
0.931,0.273
0.932,0.273
0.933,0.273
0.934,0.273
0.935,0.272
0.936,0.272
0.937,0.272
0.938,0.272
0.939,0.272
0.940,0.272
0.941,0.272
0.942,0.272
0.943,0.272
0.944,0.272
0.945,0.271
0.946,0.271
0.947,0.271
0.948,0.271
0.949,0.271
0.950,0.271
0.951,0.271
0.952,0.271
0.953,0.271
0.954,0.270
0.955,0.270
0.956,0.270
0.957,0.270
0.958,0.270
0.959,0.270
0.960,0.270
0.961,0.270
0.962,0.270
0.963,0.270
0.964,0.269
0.965,0.269
0.966,0.269
0.967,0.269
0.968,0.269
0.969,0.269
0.970,0.269
0.971,0.269
0.972,0.269
0.973,0.269
0.974,0.268
0.975,0.268
0.976,0.268
0.977,0.268
0.978,0.268
0.979,0.268
0.980,0.268
0.981,0.268
0.982,0.268
0.983,0.268
0.984,0.267
0.985,0.267
0.986,0.267
0.987,0.267
0.988,0.267
0.989,0.267
0.990,0.267
0.991,0.267
0.992,0.267
0.993,0.267
0.994,0.266
0.995,0.266
0.996,0.266
0.997,0.266
0.998,0.266
0.999,0.266
1.000,0.266
1.001,0.266
1.002,0.266
1.003,0.266
1.004,0.265
1.005,0.265
1.006,0.265
1.007,0.265
1.008,0.265
1.009,0.265
1.010,0.265
1.011,0.265
1.012,0.265
1.013,0.265
1.014,0.265
1.015,0.264
1.016,0.264
1.017,0.264
1.018,0.264
1.019,0.264
1.020,0.264
1.021,0.264
1.022,0.264
1.023,0.264
1.024,0.264
1.025,0.264
1.026,0.263
1.027,0.263
1.028,0.263
1.029,0.263
1.030,0.263
1.031,0.263
1.032,0.263
1.033,0.263
1.034,0.263
1.035,0.263
1.036,0.263
1.037,0.262
1.038,0.262
1.039,0.262
1.040,0.262
1.041,0.262
1.042,0.262
1.043,0.262
1.044,0.262
1.045,0.262
1.046,0.262
1.047,0.262
1.048,0.261
1.049,0.261
1.050,0.261
1.051,0.261
1.052,0.261
1.053,0.261
1.054,0.261
1.055,0.261
1.056,0.261
1.057,0.261
1.058,0.261
1.059,0.260
1.060,0.260
1.061,0.260
1.062,0.260
1.063,0.260
1.064,0.260
1.065,0.260
1.066,0.260
1.067,0.260
1.068,0.260
1.069,0.260
1.070,0.260
1.071,0.260
1.072,0.260
1.073,0.260
1.074,0.260
1.075,0.260
1.076,0.260
1.077,0.260
1.078,0.260
1.079,0.260
1.080,0.260
1.081,0.260
1.082,0.260
1.083,0.260
1.084,0.260
1.085,0.260
1.086,0.260
1.087,0.260
1.088,0.260
1.089,0.260
1.090,0.260
1.091,0.260
1.092,0.260
1.093,0.260
1.094,0.260
1.095,0.260
1.096,0.260
1.097,0.260
1.098,0.261
1.099,0.261
1.100,0.261
1.101,0.261
1.102,0.261
1.103,0.261
1.104,0.261
1.105,0.261
1.106,0.261
1.107,0.261
1.108,0.261
1.109,0.261
1.110,0.261
1.111,0.261
1.112,0.261
1.113,0.262
1.114,0.262
1.115,0.262
1.116,0.262
1.117,0.262
1.118,0.262
1.119,0.262
1.120,0.262
1.121,0.263
1.122,0.263
1.123,0.263
1.124,0.263
1.125,0.263
1.126,0.263
1.127,0.263
1.128,0.264
1.129,0.264
1.130,0.264
1.131,0.264
1.132,0.264
1.133,0.264
1.134,0.265
1.135,0.265
1.136,0.265
1.137,0.265
1.138,0.266
1.139,0.266
1.140,0.266
1.141,0.266
1.142,0.267
1.143,0.267
1.144,0.267
1.145,0.267
1.146,0.268
1.147,0.268
1.148,0.268
1.149,0.268
1.150,0.269
1.151,0.269
1.152,0.269
1.153,0.270
1.154,0.270
1.155,0.270
1.156,0.271
1.157,0.271
1.158,0.271
1.159,0.272
1.160,0.272
1.161,0.273
1.162,0.273
1.163,0.273
1.164,0.274
1.165,0.274
1.166,0.275
1.167,0.275
1.168,0.276
1.169,0.276
1.170,0.276
1.171,0.277
1.172,0.277
1.173,0.278
1.174,0.278
1.175,0.279
1.176,0.279
1.177,0.280
1.178,0.281
1.179,0.281
1.180,0.282
1.181,0.282
1.182,0.283
1.183,0.283
1.184,0.284
1.185,0.285
1.186,0.285
1.187,0.286
1.188,0.287
1.189,0.287
1.190,0.288
1.191,0.289
1.192,0.289
1.193,0.290
1.194,0.291
1.195,0.291
1.196,0.292
1.197,0.293
1.198,0.294
1.199,0.294
1.200,0.295
1.201,0.296
1.202,0.297
1.203,0.297
1.204,0.298
1.205,0.299
1.206,0.300
1.207,0.301
1.208,0.302
1.209,0.303
1.210,0.303
1.211,0.304
1.212,0.305
1.213,0.306
1.214,0.307
1.215,0.308
1.216,0.309
1.217,0.310
1.218,0.311
1.219,0.312
1.220,0.313
1.221,0.314
1.222,0.315
1.223,0.316
1.224,0.317
1.225,0.318
1.226,0.319
1.227,0.321
1.228,0.322
1.229,0.323
1.230,0.324
1.231,0.325
1.232,0.326
1.233,0.328
1.234,0.329
1.235,0.330
1.236,0.331
1.237,0.333
1.238,0.334
1.239,0.335
1.240,0.336
1.241,0.338
1.242,0.339
1.243,0.340
1.244,0.342
1.245,0.343
1.246,0.345
1.247,0.346
1.248,0.347
1.249,0.349
1.250,0.350
1.251,0.352
1.252,0.353
1.253,0.355
1.254,0.356
1.255,0.358
1.256,0.359
1.257,0.361
1.258,0.362
1.259,0.364
1.260,0.366
1.261,0.367
1.262,0.369
1.263,0.371
1.264,0.372
1.265,0.374
1.266,0.376
1.267,0.377
1.268,0.379
1.269,0.381
1.270,0.383
1.271,0.385
1.272,0.386
1.273,0.388
1.274,0.390
1.275,0.392
1.276,0.394
1.277,0.396
1.278,0.398
1.279,0.400
1.280,0.402
1.281,0.404
1.282,0.406
1.283,0.408
1.284,0.410
1.285,0.412
1.286,0.414
1.287,0.416
1.288,0.418
1.289,0.420
1.290,0.422
1.291,0.424
1.292,0.427
1.293,0.429
1.294,0.431
1.295,0.433
1.296,0.436
1.297,0.438
1.298,0.440
1.299,0.443
1.300,0.445
1.301,0.447
1.302,0.450
1.303,0.452
1.304,0.455
1.305,0.457
1.306,0.459
1.307,0.462
1.308,0.464
1.309,0.467
1.310,0.470
1.311,0.472
1.312,0.475
1.313,0.477
1.314,0.480
1.315,0.483
1.316,0.485
1.317,0.488
1.318,0.491
1.319,0.494
1.320,0.496
1.321,0.499
1.322,0.502
1.323,0.505
1.324,0.508
1.325,0.510
1.326,0.513
1.327,0.516
1.328,0.519
1.329,0.522
1.330,0.525
1.331,0.528
1.332,0.531
1.333,0.534
1.334,0.537
1.335,0.540
1.336,0.544
1.337,0.547
1.338,0.550
1.339,0.553
1.340,0.556
1.341,0.560
1.342,0.563
1.343,0.566
1.344,0.569
1.345,0.573
1.346,0.576
1.347,0.580
1.348,0.583
1.349,0.586
1.350,0.590
1.351,0.593
1.352,0.597
1.353,0.600
1.354,0.604
1.355,0.608
1.356,0.611
1.357,0.615
1.358,0.618
1.359,0.622
1.360,0.626
1.361,0.630
1.362,0.633
1.363,0.637
1.364,0.641
1.365,0.645
1.366,0.649
1.367,0.653
1.368,0.656
1.369,0.660
1.370,0.664
1.371,0.668
1.372,0.672
1.373,0.676
1.374,0.680
1.375,0.685
1.376,0.689
1.377,0.693
1.378,0.697
1.379,0.701
1.380,0.705
1.381,0.710
1.382,0.714
1.383,0.718
1.384,0.723
1.385,0.727
1.386,0.731
1.387,0.736
1.388,0.740
1.389,0.745
1.390,0.749
1.391,0.754
1.392,0.758
1.393,0.763
1.394,0.767
1.395,0.772
1.396,0.777
1.397,0.781
1.398,0.786
1.399,0.791
1.400,0.796
1.401,0.801
1.402,0.805
1.403,0.810
1.404,0.815
1.405,0.820
1.406,0.825
1.407,0.830
1.408,0.835
1.409,0.840
1.410,0.845
1.411,0.850
1.412,0.855
1.413,0.861
1.414,0.866
1.415,0.871
1.416,0.876
1.417,0.882
1.418,0.887
1.419,0.892
1.420,0.898
1.421,0.903
1.422,0.908
1.423,0.914
1.424,0.919
1.425,0.925
1.426,0.930
1.427,0.936
1.428,0.942
1.429,0.947
1.430,0.953
1.431,0.959
1.432,0.964
1.433,0.970
1.434,0.976
1.435,0.982
1.436,0.988
1.437,0.994
1.438,1.000
1.439,1.006
1.440,1.012
1.441,1.018
1.442,1.024
1.443,1.030
1.444,1.036
1.445,1.042
1.446,1.048
1.447,1.054
1.448,1.061
1.449,1.067
1.450,1.073
1.451,1.080
1.452,1.086
1.453,1.092
1.454,1.099
1.455,1.105
1.456,1.112
1.457,1.118
1.458,1.125
1.459,1.132
1.460,1.138
1.461,1.145
1.462,1.152
1.463,1.158
1.464,1.165
1.465,1.172
1.466,1.179
1.467,1.186
1.468,1.193
1.469,1.200
1.470,1.207
1.471,1.214
1.472,1.221
1.473,1.228
1.474,1.235
1.475,1.242
1.476,1.249
1.477,1.257
1.478,1.264
1.479,1.271
1.480,1.279
1.481,1.286
1.482,1.293
1.483,1.301
1.484,1.308
1.485,1.316
1.486,1.323
1.487,1.331
1.488,1.339
1.489,1.346
1.490,1.354
1.491,1.362
1.492,1.369
1.493,1.377
1.494,1.385
1.495,1.393
1.496,1.401
1.497,1.409
1.498,1.417
1.499,1.425
1.500,1.433
1.501,1.441
1.502,1.449
1.503,1.457
1.504,1.466
1.505,1.474
1.506,1.482
1.507,1.491
1.508,1.499
1.509,1.507
1.510,1.516
1.511,1.524
1.512,1.533
1.513,1.541
1.514,1.550
1.515,1.559
1.516,1.567
1.517,1.576
1.518,1.585
1.519,1.594
1.520,1.602
1.521,1.611
1.522,1.620
1.523,1.629
1.524,1.638
1.525,1.647
1.526,1.656
1.527,1.665
1.528,1.674
1.529,1.684
1.530,1.693
1.531,1.702
1.532,1.711
1.533,1.721
1.534,1.730
1.535,1.740
1.536,1.749
1.537,1.759
1.538,1.768
1.539,1.778
1.540,1.787
1.541,1.797
1.542,1.807
1.543,1.816
1.544,1.826
1.545,1.836
1.546,1.846
1.547,1.856
1.548,1.866
1.549,1.876
1.550,1.886
1.551,1.896
1.552,1.906
1.553,1.916
1.554,1.926
1.555,1.937
1.556,1.947
1.557,1.957
1.558,1.968
1.559,1.978
1.560,1.988
1.561,1.999
1.562,2.009
1.563,2.020
1.564,2.031
1.565,2.041
1.566,2.052
1.567,2.063
1.568,2.074
1.569,2.084
1.570,2.095
1.571,2.106
1.572,2.117
1.573,2.128
1.574,2.139
1.575,2.150
1.576,2.162
1.577,2.173
1.578,2.184
1.579,2.195
1.580,2.207
1.581,2.218
1.582,2.229
1.583,2.241
1.584,2.252
1.585,2.264
1.586,2.275
1.587,2.287
1.588,2.299
1.589,2.310
1.590,2.322
1.591,2.334
1.592,2.346
1.593,2.358
1.594,2.370
1.595,2.382
1.596,2.394
1.597,2.406
1.598,2.418
1.599,2.430
1.600,2.442
1.601,2.454
1.602,2.467
1.603,2.479
1.604,2.492
1.605,2.504
1.606,2.516
1.607,2.529
1.608,2.542
1.609,2.554
1.610,2.567
1.611,2.580
1.612,2.592
1.613,2.605
1.614,2.618
1.615,2.631
1.616,2.644
1.617,2.657
1.618,2.670
1.619,2.683
1.620,2.696
1.621,2.709
1.622,2.723
1.623,2.736
1.624,2.749
1.625,2.763
1.626,2.776
1.627,2.790
1.628,2.803
1.629,2.817
1.630,2.830
1.631,2.844
1.632,2.858
1.633,2.871
1.634,2.885
1.635,2.899
1.636,2.913
1.637,2.927
1.638,2.941
1.639,2.955
1.640,2.969
1.641,2.983
1.642,2.998
1.643,3.012
1.644,3.026
1.645,3.041
1.646,3.055
1.647,3.069
1.648,3.084
1.649,3.098
1.650,3.113
1.651,3.128
1.652,3.142
1.653,3.157
1.654,3.172
1.655,3.187
1.656,3.202
1.657,3.217
1.658,3.232
1.659,3.247
1.660,3.262
1.661,3.277
1.662,3.292
1.663,3.307
1.664,3.323
1.665,3.338
1.666,3.354
1.667,3.369
1.668,3.385
1.669,3.400
1.670,3.416
1.671,3.431
1.672,3.447
1.673,3.463
1.674,3.479
1.675,3.495
1.676,3.511
1.677,3.527
1.678,3.543
1.679,3.559
1.680,3.575
1.681,3.591
1.682,3.607
1.683,3.624
1.684,3.640
1.685,3.656
1.686,3.673
1.687,3.689
1.688,3.706
1.689,3.723
1.690,3.739
1.691,3.756
1.692,3.773
1.693,3.790
1.694,3.806
1.695,3.823
1.696,3.840
1.697,3.857
1.698,3.875
1.699,3.892
1.700,3.909
1.701,3.926
1.702,3.943
1.703,3.961
1.704,3.978
1.705,3.996
1.706,4.013
1.707,4.031
1.708,4.049
1.709,4.066
1.710,4.084
1.711,4.102
1.712,4.120
1.713,4.138
1.714,4.156
1.715,4.174
1.716,4.192
1.717,4.210
1.718,4.228
1.719,4.246
1.720,4.265
1.721,4.283
1.722,4.301
1.723,4.320
1.724,4.338
1.725,4.357
1.726,4.376
1.727,4.394
1.728,4.413
1.729,4.432
1.730,4.451
1.731,4.470
1.732,4.489
1.733,4.508
1.734,4.527
1.735,4.546
1.736,4.565
1.737,4.585
1.738,4.604
1.739,4.623
1.740,4.643
1.741,4.662
1.742,4.682
1.743,4.701
1.744,4.721
1.745,4.741
1.746,4.761
1.747,4.781
1.748,4.800
1.749,4.820
1.750,4.840
1.751,4.861
1.752,4.881
1.753,4.901
1.754,4.921
1.755,4.942
1.756,4.962
1.757,4.982
1.758,5.003
1.759,5.023
1.760,5.044
1.761,5.065
1.762,5.085
1.763,5.106
1.764,5.127
1.765,5.148
1.766,5.169
1.767,5.190
1.768,5.211
1.769,5.232
1.770,5.254
1.771,5.275
1.772,5.296
1.773,5.318
1.774,5.339
1.775,5.361
1.776,5.382
1.777,5.404
1.778,5.425
1.779,5.447
1.780,5.469
1.781,5.491
1.782,5.513
1.783,5.535
1.784,5.557
1.785,5.579
1.786,5.601
1.787,5.624
1.788,5.646
1.789,5.668
1.790,5.691
1.791,5.713
1.792,5.736
1.793,5.758
1.794,5.781
1.795,5.804
1.796,5.827
1.797,5.850
1.798,5.872
1.799,5.895
1.800,5.919
1.801,5.942
1.802,5.965
1.803,5.988
1.804,6.011
1.805,6.035
1.806,6.058
1.807,6.082
1.808,6.105
1.809,6.129
1.810,6.153
1.811,6.176
1.812,6.200
1.813,6.224
1.814,6.248
1.815,6.272
1.816,6.296
1.817,6.320
1.818,6.344
1.819,6.369
1.820,6.393
1.821,6.418
1.822,6.442
1.823,6.467
1.824,6.491
1.825,6.516
1.826,6.540
1.827,6.565
1.828,6.590
1.829,6.615
1.830,6.640
1.831,6.665
1.832,6.690
1.833,6.715
1.834,6.741
1.835,6.766
1.836,6.791
1.837,6.817
1.838,6.842
1.839,6.868
1.840,6.894
1.841,6.919
1.842,6.945
1.843,6.971
1.844,6.997
1.845,7.023
1.846,7.049
1.847,7.075
1.848,7.101
1.849,7.127
1.850,7.154
1.851,7.180
1.852,7.206
1.853,7.233
1.854,7.260
1.855,7.286
1.856,7.313
1.857,7.340
1.858,7.367
1.859,7.393
1.860,7.420
1.861,7.448
1.862,7.475
1.863,7.502
1.864,7.529
1.865,7.556
1.866,7.584
1.867,7.611
1.868,7.639
1.869,7.666
1.870,7.694
1.871,7.722
1.872,7.750
1.873,7.778
1.874,7.805
1.875,7.833
1.876,7.862
1.877,7.890
1.878,7.918
1.879,7.946
1.880,7.975
1.881,8.003
1.882,8.032
1.883,8.060
1.884,8.089
1.885,8.117
1.886,8.146
1.887,8.175
1.888,8.204
1.889,8.233
1.890,8.262
1.891,8.291
1.892,8.320
1.893,8.350
1.894,8.379
1.895,8.408
1.896,8.438
1.897,8.467
1.898,8.497
1.899,8.527
1.900,8.557
1.901,8.586
1.902,8.616
1.903,8.646
1.904,8.676
1.905,8.707
1.906,8.737
1.907,8.767
1.908,8.797
1.909,8.828
1.910,8.858
1.911,8.889
1.912,8.919
1.913,8.950
1.914,8.981
1.915,9.012
1.916,9.043
1.917,9.074
1.918,9.105
1.919,9.136
1.920,9.167
1.921,9.198
1.922,9.230
1.923,9.261
1.924,9.293
1.925,9.324
1.926,9.356
1.927,9.388
1.928,9.420
1.929,9.451
1.930,9.483
1.931,9.515
1.932,9.547
1.933,9.580
1.934,9.612
1.935,9.644
1.936,9.677
1.937,9.709
1.938,9.742
1.939,9.774
1.940,9.807
1.941,9.840
1.942,9.873
1.943,9.905
1.944,9.938
1.945,9.972
1.946,10.005
1.947,10.038
1.948,10.071
1.949,10.105
1.950,10.138
1.951,10.172
1.952,10.205
1.953,10.239
1.954,10.273
1.955,10.306
1.956,10.340
1.957,10.374
1.958,10.408
1.959,10.442
1.960,10.477
1.961,10.511
1.962,10.545
1.963,10.580
1.964,10.614
1.965,10.649
1.966,10.684
1.967,10.718
1.968,10.753
1.969,10.788
1.970,10.823
1.971,10.858
1.972,10.893
1.973,10.928
1.974,10.964
1.975,10.999
1.976,11.034
1.977,11.070
1.978,11.106
1.979,11.141
1.980,11.177
1.981,11.213
1.982,11.249
1.983,11.285
1.984,11.321
1.985,11.357
1.986,11.393
1.987,11.429
1.988,11.466
1.989,11.502
1.990,11.539
1.991,11.575
1.992,11.612
1.993,11.649
1.994,11.686
1.995,11.723
1.996,11.760
1.997,11.797
1.998,11.834
1.999,11.871
2.000,11.909
2.001,11.946
2.002,11.984
2.003,12.021
2.004,12.059
2.005,12.096
2.006,12.134
2.007,12.172
2.008,12.210
2.009,12.248
2.010,12.286
2.011,12.325
2.012,12.363
2.013,12.401
2.014,12.440
2.015,12.478
2.016,12.517
2.017,12.556
2.018,12.594
2.019,12.633
2.020,12.672
2.021,12.711
2.022,12.750
2.023,12.790
2.024,12.829
2.025,12.868
2.026,12.908
2.027,12.947
2.028,12.987
2.029,13.026
2.030,13.066
2.031,13.106
2.032,13.146
2.033,13.186
2.034,13.226
2.035,13.266
2.036,13.307
2.037,13.347
2.038,13.387
2.039,13.428
2.040,13.469
2.041,13.509
2.042,13.550
2.043,13.591
2.044,13.632
2.045,13.673
2.046,13.714
2.047,13.755
2.048,13.796
2.049,13.838
2.050,13.879
2.051,13.921
2.052,13.962
2.053,14.004
2.054,14.046
2.055,14.088
2.056,14.129
2.057,14.172
2.058,14.214
2.059,14.256
2.060,14.298
2.061,14.340
2.062,14.383
2.063,14.425
2.064,14.468
2.065,14.511
2.066,14.554
2.067,14.596
2.068,14.639
2.069,14.683
2.070,14.726
2.071,14.769
2.072,14.812
2.073,14.856
2.074,14.899
2.075,14.943
2.076,14.973
2.077,15.002
2.078,15.015
2.079,15.025
2.080,15.029
2.081,15.031
2.082,15.029
2.083,15.025
2.084,15.015
2.085,15.002
2.086,14.973
2.087,14.943
2.088,14.899
2.089,14.856
2.090,14.812
2.091,14.769
2.092,14.726
2.093,14.683
2.094,14.639
2.095,14.596
2.096,14.554
2.097,14.511
2.098,14.468
2.099,14.425
2.100,14.383
2.101,14.340
2.102,14.298
2.103,14.256
2.104,14.214
2.105,14.172
2.106,14.129
2.107,14.088
2.108,14.046
2.109,14.004
2.110,13.962
2.111,13.921
2.112,13.879
2.113,13.838
2.114,13.796
2.115,13.755
2.116,13.714
2.117,13.673
2.118,13.632
2.119,13.591
2.120,13.550
2.121,13.509
2.122,13.469
2.123,13.428
2.124,13.387
2.125,13.347
2.126,13.307
2.127,13.266
2.128,13.226
2.129,13.186
2.130,13.146
2.131,13.106
2.132,13.066
2.133,13.026
2.134,12.987
2.135,12.947
2.136,12.908
2.137,12.868
2.138,12.829
2.139,12.790
2.140,12.750
2.141,12.711
2.142,12.672
2.143,12.633
2.144,12.594
2.145,12.556
2.146,12.517
2.147,12.478
2.148,12.440
2.149,12.401
2.150,12.363
2.151,12.325
2.152,12.286
2.153,12.248
2.154,12.210
2.155,12.172
2.156,12.134
2.157,12.096
2.158,12.059
2.159,12.021
2.160,11.984
2.161,11.946
2.162,11.909
2.163,11.871
2.164,11.834
2.165,11.797
2.166,11.760
2.167,11.723
2.168,11.686
2.169,11.649
2.170,11.612
2.171,11.575
2.172,11.539
2.173,11.502
2.174,11.466
2.175,11.429
2.176,11.393
2.177,11.357
2.178,11.321
2.179,11.285
2.180,11.249
2.181,11.213
2.182,11.177
2.183,11.141
2.184,11.106
2.185,11.070
2.186,11.034
2.187,10.999
2.188,10.964
2.189,10.928
2.190,10.893
2.191,10.858
2.192,10.823
2.193,10.788
2.194,10.753
2.195,10.718
2.196,10.684
2.197,10.649
2.198,10.614
2.199,10.580
2.200,10.545
2.201,10.511
2.202,10.477
2.203,10.442
2.204,10.408
2.205,10.374
2.206,10.340
2.207,10.306
2.208,10.273
2.209,10.239
2.210,10.205
2.211,10.172
2.212,10.138
2.213,10.105
2.214,10.071
2.215,10.038
2.216,10.005
2.217,9.972
2.218,9.938
2.219,9.905
2.220,9.873
2.221,9.840
2.222,9.807
2.223,9.774
2.224,9.742
2.225,9.709
2.226,9.677
2.227,9.644
2.228,9.612
2.229,9.580
2.230,9.547
2.231,9.515
2.232,9.483
2.233,9.451
2.234,9.420
2.235,9.388
2.236,9.356
2.237,9.324
2.238,9.293
2.239,9.261
2.240,9.230
2.241,9.198
2.242,9.167
2.243,9.136
2.244,9.105
2.245,9.074
2.246,9.043
2.247,9.012
2.248,8.981
2.249,8.950
2.250,8.919
2.251,8.889
2.252,8.858
2.253,8.828
2.254,8.797
2.255,8.767
2.256,8.737
2.257,8.707
2.258,8.676
2.259,8.646
2.260,8.616
2.261,8.586
2.262,8.557
2.263,8.527
2.264,8.497
2.265,8.467
2.266,8.438
2.267,8.408
2.268,8.379
2.269,8.350
2.270,8.320
2.271,8.291
2.272,8.262
2.273,8.233
2.274,8.204
2.275,8.175
2.276,8.146
2.277,8.117
2.278,8.089
2.279,8.060
2.280,8.032
2.281,8.003
2.282,7.975
2.283,7.946
2.284,7.918
2.285,7.890
2.286,7.862
2.287,7.833
2.288,7.805
2.289,7.778
2.290,7.750
2.291,7.722
2.292,7.694
2.293,7.666
2.294,7.639
2.295,7.611
2.296,7.584
2.297,7.556
2.298,7.529
2.299,7.502
2.300,7.475
2.301,7.448
2.302,7.420
2.303,7.393
2.304,7.367
2.305,7.340
2.306,7.313
2.307,7.286
2.308,7.260
2.309,7.233
2.310,7.206
2.311,7.180
2.312,7.154
2.313,7.127
2.314,7.101
2.315,7.075
2.316,7.049
2.317,7.023
2.318,6.997
2.319,6.971
2.320,6.945
2.321,6.919
2.322,6.894
2.323,6.868
2.324,6.842
2.325,6.817
2.326,6.791
2.327,6.766
2.328,6.741
2.329,6.715
2.330,6.690
2.331,6.665
2.332,6.640
2.333,6.615
2.334,6.590
2.335,6.565
2.336,6.540
2.337,6.516
2.338,6.491
2.339,6.467
2.340,6.442
2.341,6.418
2.342,6.393
2.343,6.369
2.344,6.344
2.345,6.320
2.346,6.296
2.347,6.272
2.348,6.248
2.349,6.224
2.350,6.200
2.351,6.176
2.352,6.153
2.353,6.129
2.354,6.105
2.355,6.082
2.356,6.058
2.357,6.035
2.358,6.011
2.359,5.988
2.360,5.965
2.361,5.942
2.362,5.919
2.363,5.895
2.364,5.872
2.365,5.850
2.366,5.827
2.367,5.804
2.368,5.781
2.369,5.758
2.370,5.736
2.371,5.713
2.372,5.691
2.373,5.668
2.374,5.646
2.375,5.624
2.376,5.601
2.377,5.579
2.378,5.557
2.379,5.535
2.380,5.513
2.381,5.491
2.382,5.469
2.383,5.447
2.384,5.425
2.385,5.404
2.386,5.382
2.387,5.361
2.388,5.339
2.389,5.318
2.390,5.296
2.391,5.275
2.392,5.246
2.393,5.216
2.394,5.187
2.395,5.158
2.396,5.128
2.397,5.099
2.398,5.070
2.399,5.040
2.400,5.014
2.401,4.989
2.402,4.966
2.403,4.945
2.404,4.925
2.405,4.905
2.406,4.887
2.407,4.869
2.408,4.852
2.409,4.836
2.410,4.820
2.411,4.805
2.412,4.790
2.413,4.775
2.414,4.761
2.415,4.747
2.416,4.734
2.417,4.721
2.418,4.708
2.419,4.695
2.420,4.683
2.421,4.670
2.422,4.659
2.423,4.647
2.424,4.635
2.425,4.624
2.426,4.613
2.427,4.602
2.428,4.591
2.429,4.580
2.430,4.570
2.431,4.560
2.432,4.549
2.433,4.539
2.434,4.529
2.435,4.520
2.436,4.510
2.437,4.500
2.438,4.491
2.439,4.481
2.440,4.472
2.441,4.463
2.442,4.454
2.443,4.445
2.444,4.436
2.445,4.427
2.446,4.419
2.447,4.410
2.448,4.401
2.449,4.393
2.450,4.385
2.451,4.376
2.452,4.368
2.453,4.360
2.454,4.352
2.455,4.344
2.456,4.336
2.457,4.328
2.458,4.320
2.459,4.312
2.460,4.304
2.461,4.297
2.462,4.289
2.463,4.282
2.464,4.274
2.465,4.267
2.466,4.259
2.467,4.252
2.468,4.245
2.469,4.237
2.470,4.230
2.471,4.223
2.472,4.216
2.473,4.209
2.474,4.202
2.475,4.195
2.476,4.188
2.477,4.181
2.478,4.174
2.479,4.168
2.480,4.161
2.481,4.154
2.482,4.147
2.483,4.141
2.484,4.134
2.485,4.128
2.486,4.121
2.487,4.115
2.488,4.108
2.489,4.102
2.490,4.095
2.491,4.089
2.492,4.083
2.493,4.076
2.494,4.070
2.495,4.064
2.496,4.058
2.497,4.051
2.498,4.045
2.499,4.039
2.500,4.033
2.501,4.027
2.502,4.021
2.503,4.015
2.504,4.009
2.505,4.003
2.506,3.997
2.507,3.991
2.508,3.985
2.509,3.980
2.510,3.974
2.511,3.968
2.512,3.962
2.513,3.956
2.514,3.951
2.515,3.945
2.516,3.939
2.517,3.934
2.518,3.928
2.519,3.922
2.520,3.917
2.521,3.911
2.522,3.906
2.523,3.900
2.524,3.895
2.525,3.889
2.526,3.884
2.527,3.878
2.528,3.873
2.529,3.868
2.530,3.862
2.531,3.857
2.532,3.852
2.533,3.846
2.534,3.841
2.535,3.836
2.536,3.830
2.537,3.825
2.538,3.820
2.539,3.815
2.540,3.810
2.541,3.804
2.542,3.799
2.543,3.794
2.544,3.789
2.545,3.784
2.546,3.779
2.547,3.774
2.548,3.769
2.549,3.764
2.550,3.759
2.551,3.754
2.552,3.749
2.553,3.744
2.554,3.739
2.555,3.734
2.556,3.729
2.557,3.724
2.558,3.719
2.559,3.714
2.560,3.709
2.561,3.705
2.562,3.700
2.563,3.695
2.564,3.690
2.565,3.685
2.566,3.681
2.567,3.676
2.568,3.671
2.569,3.666
2.570,3.662
2.571,3.657
2.572,3.652
2.573,3.648
2.574,3.643
2.575,3.638
2.576,3.634
2.577,3.629
2.578,3.624
2.579,3.620
2.580,3.615
2.581,3.611
2.582,3.606
2.583,3.602
2.584,3.597
2.585,3.592
2.586,3.588
2.587,3.583
2.588,3.579
2.589,3.574
2.590,3.570
2.591,3.566
2.592,3.561
2.593,3.557
2.594,3.552
2.595,3.548
2.596,3.543
2.597,3.539
2.598,3.535
2.599,3.530
2.600,3.526
2.601,3.522
2.602,3.517
2.603,3.513
2.604,3.509
2.605,3.504
2.606,3.500
2.607,3.496
2.608,3.491
2.609,3.487
2.610,3.483
2.611,3.479
2.612,3.474
2.613,3.470
2.614,3.466
2.615,3.462
2.616,3.458
2.617,3.453
2.618,3.449
2.619,3.445
2.620,3.441
2.621,3.437
2.622,3.433
2.623,3.428
2.624,3.424
2.625,3.420
2.626,3.416
2.627,3.412
2.628,3.408
2.629,3.404
2.630,3.400
2.631,3.396
2.632,3.392
2.633,3.388
2.634,3.384
2.635,3.379
2.636,3.375
2.637,3.371
2.638,3.367
2.639,3.363
2.640,3.359
2.641,3.355
2.642,3.351
2.643,3.348
2.644,3.344
2.645,3.340
2.646,3.336
2.647,3.332
2.648,3.328
2.649,3.324
2.650,3.320
2.651,3.316
2.652,3.312
2.653,3.308
2.654,3.304
2.655,3.301
2.656,3.297
2.657,3.293
2.658,3.289
2.659,3.285
2.660,3.281
2.661,3.277
2.662,3.274
2.663,3.270
2.664,3.266
2.665,3.262
2.666,3.258
2.667,3.255
2.668,3.251
2.669,3.247
2.670,3.243
2.671,3.240
2.672,3.236
2.673,3.232
2.674,3.228
2.675,3.225
2.676,3.221
2.677,3.217
2.678,3.213
2.679,3.210
2.680,3.206
2.681,3.202
2.682,3.199
2.683,3.195
2.684,3.191
2.685,3.188
2.686,3.184
2.687,3.180
2.688,3.177
2.689,3.173
2.690,3.169
2.691,3.166
2.692,3.162
2.693,3.159
2.694,3.155
2.695,3.151
2.696,3.148
2.697,3.144
2.698,3.141
2.699,3.137
2.700,3.133
2.701,3.130
2.702,3.126
2.703,3.123
2.704,3.119
2.705,3.116
2.706,3.112
2.707,3.109
2.708,3.105
2.709,3.101
2.710,3.098
2.711,3.094
2.712,3.091
2.713,3.087
2.714,3.084
2.715,3.080
2.716,3.077
2.717,3.073
2.718,3.070
2.719,3.067
2.720,3.063
2.721,3.060
2.722,3.056
2.723,3.053
2.724,3.049
2.725,3.046
2.726,3.042
2.727,3.039
2.728,3.036
2.729,3.032
2.730,3.029
2.731,3.025
2.732,3.022
2.733,3.019
2.734,3.015
2.735,3.012
2.736,3.008
2.737,3.005
2.738,3.002
2.739,2.998
2.740,2.995
2.741,2.992
2.742,2.988
2.743,2.985
2.744,2.981
2.745,2.978
2.746,2.975
2.747,2.971
2.748,2.968
2.749,2.965
2.750,2.962
2.751,2.958
2.752,2.955
2.753,2.952
2.754,2.948
2.755,2.945
2.756,2.942
2.757,2.938
2.758,2.935
2.759,2.932
2.760,2.929
2.761,2.925
2.762,2.922
2.763,2.919
2.764,2.916
2.765,2.912
2.766,2.909
2.767,2.906
2.768,2.903
2.769,2.899
2.770,2.896
2.771,2.893
2.772,2.890
2.773,2.887
2.774,2.883
2.775,2.880
2.776,2.877
2.777,2.874
2.778,2.871
2.779,2.867
2.780,2.864
2.781,2.861
2.782,2.858
2.783,2.855
2.784,2.851
2.785,2.848
2.786,2.845
2.787,2.842
2.788,2.839
2.789,2.836
2.790,2.833
2.791,2.829
2.792,2.826
2.793,2.823
2.794,2.820
2.795,2.817
2.796,2.814
2.797,2.811
2.798,2.808
2.799,2.804
2.800,2.801
2.801,2.798
2.802,2.795
2.803,2.792
2.804,2.789
2.805,2.786
2.806,2.783
2.807,2.780
2.808,2.777
2.809,2.774
2.810,2.770
2.811,2.767
2.812,2.764
2.813,2.761
2.814,2.758
2.815,2.755
2.816,2.752
2.817,2.749
2.818,2.746
2.819,2.743
2.820,2.740
2.821,2.737
2.822,2.734
2.823,2.731
2.824,2.728
2.825,2.725
2.826,2.722
2.827,2.719
2.828,2.716
2.829,2.713
2.830,2.710
2.831,2.707
2.832,2.704
2.833,2.701
2.834,2.698
2.835,2.695
2.836,2.692
2.837,2.689
2.838,2.686
2.839,2.683
2.840,2.680
2.841,2.677
2.842,2.674
2.843,2.671
2.844,2.668
2.845,2.665
2.846,2.662
2.847,2.660
2.848,2.657
2.849,2.654
2.850,2.651
2.851,2.648
2.852,2.645
2.853,2.642
2.854,2.639
2.855,2.636
2.856,2.633
2.857,2.630
2.858,2.627
2.859,2.625
2.860,2.622
2.861,2.619
2.862,2.616
2.863,2.613
2.864,2.610
2.865,2.607
2.866,2.604
2.867,2.601
2.868,2.599
2.869,2.596
2.870,2.593
2.871,2.590
2.872,2.587
2.873,2.584
2.874,2.581
2.875,2.579
2.876,2.576
2.877,2.573
2.878,2.570
2.879,2.567
2.880,2.564
2.881,2.561
2.882,2.559
2.883,2.556
2.884,2.553
2.885,2.550
2.886,2.547
2.887,2.545
2.888,2.542
2.889,2.539
2.890,2.536
2.891,2.533
2.892,2.531
2.893,2.528
2.894,2.525
2.895,2.522
2.896,2.519
2.897,2.517
2.898,2.514
2.899,2.511
2.900,2.508
2.901,2.505
2.902,2.503
2.903,2.500
2.904,2.497
2.905,2.494
2.906,2.492
2.907,2.489
2.908,2.486
2.909,2.483
2.910,2.481
2.911,2.478
2.912,2.475
2.913,2.472
2.914,2.470
2.915,2.467
2.916,2.464
2.917,2.461
2.918,2.459
2.919,2.456
2.920,2.453
2.921,2.450
2.922,2.448
2.923,2.445
2.924,2.442
2.925,2.440
2.926,2.437
2.927,2.434
2.928,2.431
2.929,2.429
2.930,2.426
2.931,2.423
2.932,2.421
2.933,2.418
2.934,2.415
2.935,2.413
2.936,2.410
2.937,2.407
2.938,2.405
2.939,2.402
2.940,2.399
2.941,2.396
2.942,2.394
2.943,2.391
2.944,2.388
2.945,2.386
2.946,2.383
2.947,2.381
2.948,2.378
2.949,2.375
2.950,2.373
2.951,2.370
2.952,2.367
2.953,2.365
2.954,2.362
2.955,2.359
2.956,2.357
2.957,2.354
2.958,2.351
2.959,2.349
2.960,2.346
2.961,2.344
2.962,2.341
2.963,2.338
2.964,2.336
2.965,2.333
2.966,2.330
2.967,2.328
2.968,2.325
2.969,2.323
2.970,2.320
2.971,2.317
2.972,2.315
2.973,2.312
2.974,2.310
2.975,2.307
2.976,2.304
2.977,2.302
2.978,2.299
2.979,2.297
2.980,2.294
2.981,2.291
2.982,2.289
2.983,2.286
2.984,2.284
2.985,2.281
2.986,2.279
2.987,2.276
2.988,2.273
2.989,2.271
2.990,2.268
2.991,2.266
2.992,2.263
2.993,2.261
2.994,2.258
2.995,2.256
2.996,2.253
2.997,2.250
2.998,2.248
2.999,2.245
3.000,2.243
3.001,2.240
3.002,2.238
3.003,2.235
3.004,2.233
3.005,2.230
3.006,2.228
3.007,2.225
3.008,2.223
3.009,2.220
3.010,2.218
3.011,2.215
3.012,2.213
3.013,2.210
3.014,2.208
3.015,2.205
3.016,2.203
3.017,2.200
3.018,2.198
3.019,2.195
3.020,2.193
3.021,2.190
3.022,2.188
3.023,2.185
3.024,2.183
3.025,2.180
3.026,2.178
3.027,2.175
3.028,2.173
3.029,2.170
3.030,2.168
3.031,2.165
3.032,2.163
3.033,2.160
3.034,2.158
3.035,2.155
3.036,2.153
3.037,2.150
3.038,2.148
3.039,2.145
3.040,2.143
3.041,2.140
3.042,2.138
3.043,2.136
3.044,2.133
3.045,2.131
3.046,2.128
3.047,2.126
3.048,2.123
3.049,2.121
3.050,2.118
3.051,2.116
3.052,2.114
3.053,2.111
3.054,2.109
3.055,2.106
3.056,2.104
3.057,2.101
3.058,2.099
3.059,2.097
3.060,2.094
3.061,2.092
3.062,2.089
3.063,2.087
3.064,2.084
3.065,2.082
3.066,2.080
3.067,2.077
3.068,2.075
3.069,2.072
3.070,2.070
3.071,2.068
3.072,2.065
3.073,2.063
3.074,2.060
3.075,2.058
3.076,2.056
3.077,2.053
3.078,2.051
3.079,2.048
3.080,2.046
3.081,2.044
3.082,2.041
3.083,2.039
3.084,2.037
3.085,2.034
3.086,2.032
3.087,2.029
3.088,2.027
3.089,2.025
3.090,2.022
3.091,2.020
3.092,2.018
3.093,2.015
3.094,2.013
3.095,2.010
3.096,2.008
3.097,2.006
3.098,2.003
3.099,2.001
3.100,1.999
3.101,1.996
3.102,1.994
3.103,1.992
3.104,1.989
3.105,1.987
3.106,1.985
3.107,1.982
3.108,1.980
3.109,1.978
3.110,1.975
3.111,1.973
3.112,1.971
3.113,1.968
3.114,1.966
3.115,1.964
3.116,1.961
3.117,1.959
3.118,1.957
3.119,1.954
3.120,1.952
3.121,1.950
3.122,1.947
3.123,1.945
3.124,1.943
3.125,1.940
3.126,1.938
3.127,1.936
3.128,1.933
3.129,1.931
3.130,1.929
3.131,1.927
3.132,1.924
3.133,1.922
3.134,1.920
3.135,1.917
3.136,1.915
3.137,1.913
3.138,1.910
3.139,1.908
3.140,1.906
3.141,1.904
3.142,1.901
3.143,1.899
3.144,1.897
3.145,1.894
3.146,1.892
3.147,1.890
3.148,1.888
3.149,1.885
3.150,1.883
3.151,1.881
3.152,1.879
3.153,1.876
3.154,1.874
3.155,1.872
3.156,1.869
3.157,1.867
3.158,1.865
3.159,1.863
3.160,1.860
3.161,1.858
3.162,1.856
3.163,1.854
3.164,1.851
3.165,1.849
3.166,1.847
3.167,1.845
3.168,1.842
3.169,1.840
3.170,1.838
3.171,1.836
3.172,1.833
3.173,1.831
3.174,1.829
3.175,1.827
3.176,1.824
3.177,1.822
3.178,1.820
3.179,1.818
3.180,1.816
3.181,1.813
3.182,1.811
3.183,1.809
3.184,1.807
3.185,1.804
3.186,1.802
3.187,1.800
3.188,1.798
3.189,1.796
3.190,1.793
3.191,1.791
3.192,1.789
3.193,1.787
3.194,1.784
3.195,1.782
3.196,1.780
3.197,1.778
3.198,1.776
3.199,1.773
3.200,1.771
3.201,1.769
3.202,1.767
3.203,1.765
3.204,1.762
3.205,1.760
3.206,1.758
3.207,1.756
3.208,1.754
3.209,1.751
3.210,1.749
3.211,1.747
3.212,1.745
3.213,1.743
3.214,1.741
3.215,1.738
3.216,1.736
3.217,1.734
3.218,1.732
3.219,1.730
3.220,1.727
3.221,1.725
3.222,1.723
3.223,1.721
3.224,1.719
3.225,1.717
3.226,1.714
3.227,1.712
3.228,1.710
3.229,1.708
3.230,1.706
3.231,1.704
3.232,1.701
3.233,1.699
3.234,1.697
3.235,1.695
3.236,1.693
3.237,1.691
3.238,1.689
3.239,1.686
3.240,1.684
3.241,1.682
3.242,1.680
3.243,1.678
3.244,1.676
3.245,1.674
3.246,1.671
3.247,1.669
3.248,1.667
3.249,1.665
3.250,1.663
3.251,1.661
3.252,1.659
3.253,1.656
3.254,1.654
3.255,1.652
3.256,1.650
3.257,1.648
3.258,1.646
3.259,1.644
3.260,1.642
3.261,1.639
3.262,1.637
3.263,1.635
3.264,1.633
3.265,1.631
3.266,1.629
3.267,1.627
3.268,1.625
3.269,1.622
3.270,1.620
3.271,1.618
3.272,1.616
3.273,1.614
3.274,1.612
3.275,1.610
3.276,1.608
3.277,1.606
3.278,1.603
3.279,1.601
3.280,1.599
3.281,1.597
3.282,1.595
3.283,1.593
3.284,1.591
3.285,1.589
3.286,1.587
3.287,1.585
3.288,1.583
3.289,1.580
3.290,1.578
3.291,1.576
3.292,1.574
3.293,1.572
3.294,1.570
3.295,1.568
3.296,1.566
3.297,1.564
3.298,1.562
3.299,1.560
3.300,1.558
3.301,1.555
3.302,1.553
3.303,1.551
3.304,1.549
3.305,1.547
3.306,1.545
3.307,1.543
3.308,1.541
3.309,1.539
3.310,1.537
3.311,1.535
3.312,1.533
3.313,1.531
3.314,1.529
3.315,1.527
3.316,1.524
3.317,1.522
3.318,1.520
3.319,1.518
3.320,1.516
3.321,1.514
3.322,1.512
3.323,1.510
3.324,1.508
3.325,1.506
3.326,1.504
3.327,1.502
3.328,1.500
3.329,1.498
3.330,1.496
3.331,1.494
3.332,1.492
3.333,1.490
3.334,1.488
3.335,1.486
3.336,1.483
3.337,1.481
3.338,1.479
3.339,1.477
3.340,1.475
3.341,1.473
3.342,1.471
3.343,1.469
3.344,1.467
3.345,1.465
3.346,1.463
3.347,1.461
3.348,1.459
3.349,1.457
3.350,1.455
3.351,1.453
3.352,1.451
3.353,1.449
3.354,1.447
3.355,1.445
3.356,1.443
3.357,1.441
3.358,1.439
3.359,1.437
3.360,1.435
3.361,1.433
3.362,1.431
3.363,1.429
3.364,1.427
3.365,1.425
3.366,1.423
3.367,1.421
3.368,1.419
3.369,1.417
3.370,1.415
3.371,1.413
3.372,1.411
3.373,1.409
3.374,1.407
3.375,1.405
3.376,1.403
3.377,1.401
3.378,1.399
3.379,1.397
3.380,1.395
3.381,1.393
3.382,1.391
3.383,1.389
3.384,1.387
3.385,1.385
3.386,1.383
3.387,1.381
3.388,1.379
3.389,1.377
3.390,1.375
3.391,1.373
3.392,1.371
3.393,1.369
3.394,1.367
3.395,1.365
3.396,1.363
3.397,1.361
3.398,1.359
3.399,1.357
3.400,1.355
3.401,1.353
3.402,1.351
3.403,1.349
3.404,1.347
3.405,1.345
3.406,1.344
3.407,1.342
3.408,1.340
3.409,1.338
3.410,1.336
3.411,1.334
3.412,1.332
3.413,1.330
3.414,1.328
3.415,1.326
3.416,1.324
3.417,1.322
3.418,1.320
3.419,1.318
3.420,1.316
3.421,1.314
3.422,1.312
3.423,1.310
3.424,1.308
3.425,1.306
3.426,1.304
3.427,1.302
3.428,1.301
3.429,1.299
3.430,1.297
3.431,1.295
3.432,1.293
3.433,1.291
3.434,1.289
3.435,1.287
3.436,1.285
3.437,1.283
3.438,1.281
3.439,1.279
3.440,1.277
3.441,1.275
3.442,1.273
3.443,1.271
3.444,1.270
3.445,1.268
3.446,1.266
3.447,1.264
3.448,1.262
3.449,1.260
3.450,1.258
3.451,1.256
3.452,1.254
3.453,1.252
3.454,1.250
3.455,1.248
3.456,1.246
3.457,1.245
3.458,1.243
3.459,1.241
3.460,1.239
3.461,1.237
3.462,1.235
3.463,1.233
3.464,1.231
3.465,1.229
3.466,1.227
3.467,1.225
3.468,1.224
3.469,1.222
3.470,1.220
3.471,1.218
3.472,1.216
3.473,1.214
3.474,1.212
3.475,1.210
3.476,1.208
3.477,1.206
3.478,1.204
3.479,1.203
3.480,1.201
3.481,1.199
3.482,1.197
3.483,1.195
3.484,1.193
3.485,1.191
3.486,1.189
3.487,1.187
3.488,1.186
3.489,1.184
3.490,1.182
3.491,1.180
3.492,1.178
3.493,1.176
3.494,1.174
3.495,1.172
3.496,1.170
3.497,1.169
3.498,1.167
3.499,1.165
3.500,1.163
3.501,1.161
3.502,1.159
3.503,1.157
3.504,1.155
3.505,1.154
3.506,1.152
3.507,1.150
3.508,1.148
3.509,1.146
3.510,1.144
3.511,1.142
3.512,1.140
3.513,1.139
3.514,1.137
3.515,1.135
3.516,1.133
3.517,1.131
3.518,1.129
3.519,1.127
3.520,1.126
3.521,1.124
3.522,1.122
3.523,1.120
3.524,1.118
3.525,1.116
3.526,1.114
3.527,1.112
3.528,1.111
3.529,1.109
3.530,1.107
3.531,1.105
3.532,1.103
3.533,1.101
3.534,1.100
3.535,1.098
3.536,1.096
3.537,1.094
3.538,1.092
3.539,1.090
3.540,1.088
3.541,1.087
3.542,1.085
3.543,1.083
3.544,1.081
3.545,1.079
3.546,1.077
3.547,1.076
3.548,1.074
3.549,1.072
3.550,1.070
3.551,1.068
3.552,1.066
3.553,1.064
3.554,1.063
3.555,1.061
3.556,1.059
3.557,1.057
3.558,1.055
3.559,1.053
3.560,1.052
3.561,1.050
3.562,1.048
3.563,1.046
3.564,1.044
3.565,1.043
3.566,1.041
3.567,1.039
3.568,1.037
3.569,1.035
3.570,1.033
3.571,1.032
3.572,1.030
3.573,1.028
3.574,1.026
3.575,1.024
3.576,1.022
3.577,1.021
3.578,1.019
3.579,1.017
3.580,1.015
3.581,1.013
3.582,1.012
3.583,1.010
3.584,1.008
3.585,1.006
3.586,1.004
3.587,1.003
3.588,1.001
3.589,0.999
3.590,0.997
3.591,0.995
3.592,0.993
3.593,0.992
3.594,0.990
3.595,0.988
3.596,0.986
3.597,0.984
3.598,0.983
3.599,0.981
3.600,0.979
3.601,0.977
3.602,0.975
3.603,0.974
3.604,0.972
3.605,0.970
3.606,0.968
3.607,0.966
3.608,0.965
3.609,0.963
3.610,0.961
3.611,0.959
3.612,0.958
3.613,0.956
3.614,0.954
3.615,0.952
3.616,0.950
3.617,0.949
3.618,0.947
3.619,0.945
3.620,0.943
3.621,0.941
3.622,0.940
3.623,0.938
3.624,0.936
3.625,0.934
3.626,0.933
3.627,0.931
3.628,0.929
3.629,0.927
3.630,0.925
3.631,0.924
3.632,0.922
3.633,0.920
3.634,0.918
3.635,0.917
3.636,0.915
3.637,0.913
3.638,0.911
3.639,0.909
3.640,0.908
3.641,0.906
3.642,0.904
3.643,0.902
3.644,0.901
3.645,0.899
3.646,0.897
3.647,0.895
3.648,0.894
3.649,0.892
3.650,0.890
3.651,0.888
3.652,0.886
3.653,0.885
3.654,0.883
3.655,0.881
3.656,0.879
3.657,0.878
3.658,0.876
3.659,0.874
3.660,0.872
3.661,0.871
3.662,0.869
3.663,0.867
3.664,0.865
3.665,0.864
3.666,0.862
3.667,0.860
3.668,0.858
3.669,0.857
3.670,0.855
3.671,0.853
3.672,0.851
3.673,0.850
3.674,0.848
3.675,0.846
3.676,0.844
3.677,0.843
3.678,0.841
3.679,0.839
3.680,0.837
3.681,0.836
3.682,0.834
3.683,0.832
3.684,0.830
3.685,0.829
3.686,0.827
3.687,0.825
3.688,0.823
3.689,0.822
3.690,0.820
3.691,0.818
3.692,0.817
3.693,0.815
3.694,0.813
3.695,0.811
3.696,0.810
3.697,0.808
3.698,0.806
3.699,0.804
3.700,0.803
3.701,0.801
3.702,0.799
3.703,0.797
3.704,0.796
3.705,0.794
3.706,0.792
3.707,0.791
3.708,0.789
3.709,0.787
3.710,0.785
3.711,0.784
3.712,0.782
3.713,0.780
3.714,0.779
3.715,0.777
3.716,0.775
3.717,0.773
3.718,0.772
3.719,0.770
3.720,0.768
3.721,0.766
3.722,0.765
3.723,0.763
3.724,0.761
3.725,0.760
3.726,0.758
3.727,0.756
3.728,0.755
3.729,0.753
3.730,0.751
3.731,0.749
3.732,0.748
3.733,0.746
3.734,0.744
3.735,0.743
3.736,0.741
3.737,0.739
3.738,0.737
3.739,0.736
3.740,0.734
3.741,0.732
3.742,0.731
3.743,0.729
3.744,0.727
3.745,0.726
3.746,0.724
3.747,0.722
3.748,0.720
3.749,0.719
3.750,0.717
3.751,0.715
3.752,0.714
3.753,0.712
3.754,0.710
3.755,0.709
3.756,0.707
3.757,0.705
3.758,0.703
3.759,0.702
3.760,0.700
3.761,0.698
3.762,0.697
3.763,0.695
3.764,0.693
3.765,0.692
3.766,0.690
3.767,0.688
3.768,0.687
3.769,0.685
3.770,0.683
3.771,0.682
3.772,0.680
3.773,0.678
3.774,0.676
3.775,0.675
3.776,0.673
3.777,0.671
3.778,0.670
3.779,0.668
3.780,0.666
3.781,0.665
3.782,0.663
3.783,0.661
3.784,0.660
3.785,0.658
3.786,0.656
3.787,0.655
3.788,0.653
3.789,0.651
3.790,0.650
3.791,0.648
3.792,0.646
3.793,0.645
3.794,0.643
3.795,0.641
3.796,0.640
3.797,0.638
3.798,0.636
3.799,0.635
3.800,0.633
3.801,0.631
3.802,0.630
3.803,0.628
3.804,0.626
3.805,0.625
3.806,0.623
3.807,0.621
3.808,0.620
3.809,0.618
3.810,0.616
3.811,0.615
3.812,0.613
3.813,0.611
3.814,0.610
3.815,0.608
3.816,0.606
3.817,0.605
3.818,0.603
3.819,0.601
3.820,0.600
3.821,0.598
3.822,0.596
3.823,0.595
3.824,0.593
3.825,0.591
3.826,0.590
3.827,0.588
3.828,0.586
3.829,0.585
3.830,0.583
3.831,0.582
3.832,0.580
3.833,0.578
3.834,0.577
3.835,0.575
3.836,0.573
3.837,0.572
3.838,0.570
3.839,0.568
3.840,0.567
3.841,0.565
3.842,0.563
3.843,0.562
3.844,0.560
3.845,0.559
3.846,0.557
3.847,0.555
3.848,0.554
3.849,0.552
3.850,0.550
3.851,0.549
3.852,0.547
3.853,0.545
3.854,0.544
3.855,0.542
3.856,0.540
3.857,0.539
3.858,0.537
3.859,0.536
3.860,0.534
3.861,0.532
3.862,0.531
3.863,0.529
3.864,0.527
3.865,0.526
3.866,0.524
3.867,0.523
3.868,0.521
3.869,0.519
3.870,0.518
3.871,0.516
3.872,0.514
3.873,0.513
3.874,0.511
3.875,0.510
3.876,0.508
3.877,0.506
3.878,0.505
3.879,0.503
3.880,0.501
3.881,0.500
3.882,0.498
3.883,0.497
3.884,0.495
3.885,0.493
3.886,0.492
3.887,0.490
3.888,0.488
3.889,0.487
3.890,0.485
3.891,0.484
3.892,0.482
3.893,0.480
3.894,0.479
3.895,0.477
3.896,0.476
3.897,0.474
3.898,0.472
3.899,0.471
3.900,0.469
3.901,0.467
3.902,0.466
3.903,0.464
3.904,0.463
3.905,0.461
3.906,0.459
3.907,0.458
3.908,0.456
3.909,0.455
3.910,0.453
3.911,0.451
3.912,0.450
3.913,0.448
3.914,0.447
3.915,0.445
3.916,0.443
3.917,0.442
3.918,0.440
3.919,0.439
3.920,0.437
3.921,0.435
3.922,0.434
3.923,0.432
3.924,0.431
3.925,0.429
3.926,0.427
3.927,0.426
3.928,0.424
3.929,0.423
3.930,0.421
3.931,0.419
3.932,0.418
3.933,0.416
3.934,0.415
3.935,0.413
3.936,0.411
3.937,0.410
3.938,0.408
3.939,0.407
3.940,0.405
3.941,0.404
3.942,0.402
3.943,0.400
3.944,0.399
3.945,0.397
3.946,0.396
3.947,0.394
3.948,0.392
3.949,0.391
3.950,0.389
3.951,0.388
3.952,0.386
3.953,0.384
3.954,0.383
3.955,0.381
3.956,0.380
3.957,0.378
3.958,0.377
3.959,0.375
3.960,0.373
3.961,0.372
3.962,0.370
3.963,0.369
3.964,0.367
3.965,0.366
3.966,0.364
3.967,0.362
3.968,0.361
3.969,0.359
3.970,0.358
3.971,0.356
3.972,0.354
3.973,0.353
3.974,0.351
3.975,0.350
3.976,0.348
3.977,0.347
3.978,0.345
3.979,0.343
3.980,0.342
3.981,0.340
3.982,0.339
3.983,0.337
3.984,0.336
3.985,0.334
3.986,0.333
3.987,0.331
3.988,0.329
3.989,0.328
3.990,0.326
3.991,0.325
3.992,0.323
3.993,0.322
3.994,0.320
3.995,0.318
3.996,0.317
3.997,0.315
3.998,0.314
3.999,0.312
4.000,0.311
