Date,weekday,Visitors,Price,Discount,Coupon,RainProb,booking30,Course
2023-09-01,"Fri",209,9600,20,1,26,114,"GC01"
2023-09-02,"Sat",201,15000,0,0,16,148,"GC01"
2023-09-03,"Sun",205,14250,5,0,23,149,"GC01"
2023-09-04,"Mon",218,10200,15,1,4,108,"GC01"
2023-09-05,"Tue",163,11400,5,0,18,86,"GC01"
2023-09-06,"Wed",197,9600,20,1,32,104,"GC01"
2023-09-07,"Thu",178,10800,10,1,24,92,"GC01"
2023-09-08,"Fri",188,11400,5,1,7,100,"GC01"
2023-09-09,"Sat",211,15000,0,0,3,146,"GC01"
2023-09-10,"Sun",195,15000,0,0,13,143,"GC01"
2023-09-11,"Mon",165,12000,0,0,7,90,"GC01"
2023-09-12,"Tue",129,11400,5,1,67,62,"GC01"
2023-09-13,"Wed",184,10800,10,1,14,97,"GC01"
2023-09-14,"Thu",176,10200,15,1,47,92,"GC01"
2023-09-15,"Fri",157,12000,0,0,38,83,"GC01"
2023-09-16,"Sat",185,14250,5,0,45,127,"GC01"
2023-09-17,"Sun",200,13500,10,1,44,135,"GC01"
2023-09-18,"Mon",144,12000,0,1,33,63,"GC01"
2023-09-19,"Tue",155,12000,0,0,6,79,"GC01"
2023-09-20,"Wed",140,12000,0,0,12,65,"GC01"
2023-09-21,"Thu",152,12000,0,0,22,70,"GC01"
2023-09-22,"Fri",223,9600,20,1,20,110,"GC01"
2023-09-23,"Sat",213,12750,15,1,43,155,"GC01"
2023-09-24,"Sun",186,14250,5,0,45,137,"GC01"
2023-09-25,"Mon",163,10200,15,1,48,83,"GC01"
2023-09-26,"Tue",142,12000,0,0,24,77,"GC01"
2023-09-27,"Wed",170,12000,0,0,3,95,"GC01"
2023-09-28,"Thu",139,12000,0,1,45,72,"GC01"
2023-09-29,"Fri",183,11400,5,1,24,94,"GC01"
2023-09-30,"Sat",198,15000,0,0,9,145,"GC01"
2023-10-01,"Sun",250,12750,15,1,31,184,"GC01"
2023-10-02,"Mon",138,12000,0,0,43,72,"GC01"
2023-10-03,"Tue",226,10200,15,1,2,115,"GC01"
2023-10-04,"Wed",178,12000,0,1,28,92,"GC01"
2023-10-05,"Thu",201,10800,10,1,7,93,"GC01"
2023-10-06,"Fri",229,10200,15,1,14,120,"GC01"
2023-10-07,"Sat",230,13500,10,1,41,158,"GC01"
2023-10-08,"Sun",228,15000,0,1,8,154,"GC01"
2023-10-09,"Mon",180,12000,0,1,25,86,"GC01"
2023-10-10,"Tue",191,9600,20,1,53,103,"GC01"
2023-10-11,"Wed",220,10800,10,1,9,101,"GC01"
2023-10-12,"Thu",156,12000,0,0,31,78,"GC01"
2023-10-13,"Fri",203,10800,10,1,21,94,"GC01"
2023-10-14,"Sat",232,15000,0,0,12,161,"GC01"
2023-10-15,"Sun",238,12750,15,1,23,157,"GC01"
2023-10-16,"Mon",165,12000,0,0,24,81,"GC01"
2023-10-17,"Tue",172,12000,0,0,8,89,"GC01"
2023-10-18,"Wed",220,10800,10,1,17,124,"GC01"
2023-10-19,"Thu",228,10800,10,1,9,117,"GC01"
2023-10-20,"Fri",205,11400,5,0,13,102,"GC01"
2023-10-21,"Sat",194,15000,0,0,50,146,"GC01"
2023-10-22,"Sun",250,13500,10,1,11,164,"GC01"
2023-10-23,"Mon",206,10800,10,1,16,88,"GC01"
2023-10-24,"Tue",191,11400,5,0,35,92,"GC01"
2023-10-25,"Wed",203,9600,20,1,28,108,"GC01"
2023-10-26,"Thu",175,11400,5,0,35,86,"GC01"
2023-10-27,"Fri",229,10200,15,1,27,105,"GC01"
2023-10-28,"Sat",238,13500,10,1,27,173,"GC01"
2023-10-29,"Sun",197,15000,0,0,19,131,"GC01"
2023-10-30,"Mon",153,11400,5,0,51,68,"GC01"
2023-10-31,"Tue",166,12000,0,0,22,84,"GC01"
2023-11-01,"Wed",156,12000,0,0,17,76,"GC01"
2023-11-02,"Thu",126,12000,0,0,45,70,"GC01"
2023-11-03,"Fri",211,10200,15,1,25,105,"GC01"
2023-11-04,"Sat",250,12750,15,1,10,166,"GC01"
2023-11-05,"Sun",210,14250,5,0,37,148,"GC01"
2023-11-06,"Mon",166,10800,10,1,45,82,"GC01"
2023-11-07,"Tue",200,10800,10,1,13,98,"GC01"
2023-11-08,"Wed",180,10800,10,1,39,94,"GC01"
2023-11-09,"Thu",149,12000,0,0,27,74,"GC01"
2023-11-10,"Fri",216,10200,15,1,23,109,"GC01"
2023-11-11,"Sat",194,15000,0,1,59,140,"GC01"
2023-11-12,"Sun",221,14250,5,0,23,149,"GC01"
2023-11-13,"Mon",197,10800,10,1,13,98,"GC01"
2023-11-14,"Tue",187,11400,5,1,20,95,"GC01"
2023-11-15,"Wed",207,10800,10,1,7,106,"GC01"
2023-11-16,"Thu",191,10800,10,1,22,78,"GC01"
2023-11-17,"Fri",229,10800,10,1,6,106,"GC01"
2023-11-18,"Sat",218,15000,0,0,12,151,"GC01"
2023-11-19,"Sun",182,15000,0,0,45,128,"GC01"
2023-11-20,"Mon",165,10800,10,1,52,88,"GC01"
2023-11-21,"Tue",184,12000,0,0,3,94,"GC01"
2023-11-22,"Wed",152,12000,0,0,33,76,"GC01"
2023-11-23,"Thu",176,12000,0,0,17,88,"GC01"
2023-11-24,"Fri",170,12000,0,0,25,81,"GC01"
2023-11-25,"Sat",201,15000,0,0,39,138,"GC01"
2023-11-26,"Sun",207,12750,15,1,53,143,"GC01"
2023-11-27,"Mon",175,12000,0,0,6,83,"GC01"
2023-11-28,"Tue",176,11400,5,0,10,94,"GC01"
2023-11-29,"Wed",160,12000,0,0,17,86,"GC01"
2023-11-30,"Thu",159,10800,10,1,48,79,"GC01"
2023-12-01,"Fri",130,12000,0,0,46,58,"GC01"
2023-12-02,"Sat",204,15000,0,0,9,146,"GC01"
2023-12-03,"Sun",199,15000,0,0,23,141,"GC01"
2023-12-04,"Mon",125,11400,5,0,50,58,"GC01"
2023-12-05,"Tue",152,11400,5,0,34,71,"GC01"
2023-12-06,"Wed",189,10200,15,1,21,92,"GC01"
2023-12-07,"Thu",173,10200,15,1,34,96,"GC01"
2023-12-08,"Fri",166,12000,0,0,17,88,"GC01"
2023-12-09,"Sat",204,15000,0,0,18,143,"GC01"
2023-12-10,"Sun",166,15000,0,0,43,115,"GC01"
2023-12-11,"Mon",153,11400,5,1,50,77,"GC01"
2023-12-12,"Tue",168,11400,5,0,4,95,"GC01"
2023-12-13,"Wed",181,9600,20,1,49,93,"GC01"
2023-12-14,"Thu",187,11400,5,0,13,94,"GC01"
2023-12-15,"Fri",191,10800,10,1,20,93,"GC01"
2023-12-16,"Sat",233,12750,15,1,24,164,"GC01"
2023-12-17,"Sun",190,15000,0,0,20,134,"GC01"
2023-12-18,"Mon",145,12000,0,0,34,68,"GC01"
2023-12-19,"Tue",172,12000,0,0,16,91,"GC01"
2023-12-20,"Wed",126,12000,0,0,56,65,"GC01"
2023-12-21,"Thu",212,10200,15,1,5,102,"GC01"
2023-12-22,"Fri",204,10800,10,1,10,98,"GC01"
2023-12-23,"Sat",214,15000,0,0,4,154,"GC01"
2023-12-24,"Sun",204,13500,10,1,49,139,"GC01"
2023-12-25,"Mon",127,11400,5,0,44,70,"GC01"
2023-12-26,"Tue",150,12000,0,0,25,67,"GC01"
2023-12-27,"Wed",127,11400,5,1,74,68,"GC01"
2023-12-28,"Thu",204,9600,20,1,18,97,"GC01"
2023-12-29,"Fri",148,12000,0,0,51,74,"GC01"
2023-12-30,"Sat",218,14250,5,0,6,154,"GC01"
2023-12-31,"Sun",212,14250,5,0,12,146,"GC01"
2024-01-01,"Mon",147,11400,5,0,37,70,"GC01"
2024-01-02,"Tue",137,12000,0,0,43,73,"GC01"
2024-01-03,"Wed",185,10800,10,1,18,88,"GC01"
2024-01-04,"Thu",173,9600,20,1,50,88,"GC01"
2024-01-05,"Fri",199,12000,0,0,4,100,"GC01"
2024-01-06,"Sat",222,13500,10,1,12,156,"GC01"
2024-01-07,"Sun",189,15000,0,0,45,130,"GC01"
2024-01-08,"Mon",171,11400,5,0,4,86,"GC01"
2024-01-09,"Tue",159,11400,5,0,25,78,"GC01"
2024-01-10,"Wed",146,12000,0,0,27,66,"GC01"
2024-01-11,"Thu",140,12000,0,0,32,67,"GC01"
2024-01-12,"Fri",176,12000,0,0,11,82,"GC01"
2024-01-13,"Sat",205,13500,10,1,29,136,"GC01"
2024-01-14,"Sun",202,15000,0,0,15,146,"GC01"
2024-01-15,"Mon",187,10800,10,1,4,94,"GC01"
2024-01-16,"Tue",177,10200,15,1,44,87,"GC01"
2024-01-17,"Wed",172,12000,0,0,10,86,"GC01"
2024-01-18,"Thu",132,12000,0,0,38,59,"GC01"
2024-01-19,"Fri",181,10800,10,1,46,92,"GC01"
2024-01-20,"Sat",202,14250,5,1,46,142,"GC01"
2024-01-21,"Sun",187,15000,0,0,16,133,"GC01"
2024-01-22,"Mon",188,10800,10,1,20,96,"GC01"
2024-01-23,"Tue",105,12000,0,0,67,52,"GC01"
2024-01-24,"Wed",151,12000,0,0,21,69,"GC01"
2024-01-25,"Thu",135,11400,5,0,21,62,"GC01"
2024-01-26,"Fri",187,10800,10,1,31,96,"GC01"
2024-01-27,"Sat",193,14250,5,0,34,133,"GC01"
2024-01-28,"Sun",245,12750,15,1,21,176,"GC01"
2024-01-29,"Mon",160,11400,5,0,34,70,"GC01"
2024-01-30,"Tue",165,12000,0,0,6,78,"GC01"
2024-01-31,"Wed",154,12000,0,1,30,71,"GC01"
2024-02-01,"Thu",177,10200,15,1,40,87,"GC01"
2024-02-02,"Fri",192,10800,10,1,41,90,"GC01"
2024-02-03,"Sat",197,14250,5,0,25,136,"GC01"
2024-02-04,"Sun",179,14250,5,1,49,135,"GC01"
2024-02-05,"Mon",180,10800,10,1,13,93,"GC01"
2024-02-06,"Tue",134,12000,0,0,35,66,"GC01"
2024-02-07,"Wed",126,12000,0,1,44,58,"GC01"
2024-02-08,"Thu",156,12000,0,0,19,71,"GC01"
2024-02-09,"Fri",164,11400,5,0,35,80,"GC01"
2024-02-10,"Sat",211,12750,15,1,49,141,"GC01"
2024-02-11,"Sun",202,15000,0,0,16,146,"GC01"
2024-02-12,"Mon",167,10800,10,1,44,86,"GC01"
2024-02-13,"Tue",152,12000,0,0,15,74,"GC01"
2024-02-14,"Wed",148,12000,0,0,19,77,"GC01"
2024-02-15,"Thu",171,11400,5,0,9,83,"GC01"
2024-02-16,"Fri",220,10200,15,1,10,115,"GC01"
2024-02-17,"Sat",186,15000,0,0,26,126,"GC01"
2024-02-18,"Sun",211,14250,5,0,11,151,"GC01"
2024-02-19,"Mon",198,10800,10,1,23,100,"GC01"
2024-02-20,"Tue",167,12000,0,0,10,88,"GC01"
2024-02-21,"Wed",189,10800,10,1,0,97,"GC01"
2024-02-22,"Thu",133,11400,5,0,43,74,"GC01"
2024-02-23,"Fri",126,12000,0,0,48,57,"GC01"
2024-02-24,"Sat",216,14250,5,0,8,153,"GC01"
2024-02-25,"Sun",230,13500,10,1,18,165,"GC01"
2024-02-26,"Mon",180,11400,5,0,5,87,"GC01"
2024-02-27,"Tue",196,10200,15,1,23,94,"GC01"
2024-02-28,"Wed",158,12000,0,1,13,82,"GC01"
2024-02-29,"Thu",162,10800,10,1,41,81,"GC01"
2024-03-01,"Fri",209,10800,10,1,6,103,"GC01"
2024-03-02,"Sat",211,15000,0,0,24,149,"GC01"
2024-03-03,"Sun",250,12000,20,1,0,176,"GC01"
2024-03-04,"Mon",173,12000,0,0,6,83,"GC01"
2024-03-05,"Tue",182,12000,0,0,14,96,"GC01"
2024-03-06,"Wed",158,12000,0,1,23,78,"GC01"
2024-03-07,"Thu",143,12000,0,0,43,59,"GC01"
2024-03-08,"Fri",219,9600,20,1,32,99,"GC01"
2024-03-09,"Sat",224,14250,5,0,16,158,"GC01"
2024-03-10,"Sun",249,13500,10,1,8,180,"GC01"
2024-03-11,"Mon",160,10800,10,1,43,80,"GC01"
2024-03-12,"Tue",136,12000,0,0,33,69,"GC01"
2024-03-13,"Wed",167,11400,5,0,32,78,"GC01"
2024-03-14,"Thu",195,9600,20,1,51,107,"GC01"
2024-03-15,"Fri",172,12000,0,0,49,83,"GC01"
2024-03-16,"Sat",213,14250,5,0,31,137,"GC01"
2024-03-17,"Sun",222,15000,0,0,5,153,"GC01"
2024-03-18,"Mon",156,12000,0,0,36,70,"GC01"
2024-03-19,"Tue",159,12000,0,0,27,81,"GC01"
2024-03-20,"Wed",204,9600,20,1,19,103,"GC01"
2024-03-21,"Thu",156,12000,0,0,38,79,"GC01"
2024-03-22,"Fri",180,10200,15,1,46,93,"GC01"
2024-03-23,"Sat",206,14250,5,0,31,140,"GC01"
2024-03-24,"Sun",197,15000,0,1,27,128,"GC01"
2024-03-25,"Mon",184,11400,5,0,6,94,"GC01"
2024-03-26,"Tue",163,12000,0,0,19,86,"GC01"
2024-03-27,"Wed",134,12000,0,0,51,68,"GC01"
2024-03-28,"Thu",207,10200,15,1,13,103,"GC01"
2024-03-29,"Fri",228,10800,10,1,12,109,"GC01"
2024-03-30,"Sat",225,14250,5,0,14,152,"GC01"
2024-03-31,"Sun",220,15000,0,1,4,146,"GC01"
2024-04-01,"Mon",166,12000,0,0,33,79,"GC01"
2024-04-02,"Tue",172,10800,10,1,55,84,"GC01"
2024-04-03,"Wed",174,11400,5,0,22,86,"GC01"
2024-04-04,"Thu",236,9600,20,1,9,108,"GC01"
2024-04-05,"Fri",216,12000,0,0,8,110,"GC01"
2024-04-06,"Sat",208,13500,10,1,62,141,"GC01"
2024-04-07,"Sun",217,15000,0,0,25,154,"GC01"
2024-04-08,"Mon",189,10800,10,1,29,92,"GC01"
2024-04-09,"Tue",177,11400,5,0,17,94,"GC01"
2024-04-10,"Wed",180,12000,0,0,13,81,"GC01"
2024-04-11,"Thu",158,11400,5,0,30,75,"GC01"
2024-04-12,"Fri",204,10200,15,1,50,105,"GC01"
2024-04-13,"Sat",222,13500,10,1,52,167,"GC01"
2024-04-14,"Sun",250,12750,15,1,26,173,"GC01"
2024-04-15,"Mon",169,12000,0,0,31,78,"GC01"
2024-04-16,"Tue",144,12000,0,0,42,69,"GC01"
2024-04-17,"Wed",177,11400,5,0,10,90,"GC01"
2024-04-18,"Thu",218,11400,5,1,0,114,"GC01"
2024-04-19,"Fri",208,10200,15,1,40,103,"GC01"
2024-04-20,"Sat",198,15000,0,0,36,137,"GC01"
2024-04-21,"Sun",226,15000,0,0,12,157,"GC01"
2024-04-22,"Mon",150,12000,0,0,28,70,"GC01"
2024-04-23,"Tue",208,10800,10,1,8,95,"GC01"
2024-04-24,"Wed",188,11400,5,1,23,92,"GC01"
2024-04-25,"Thu",163,11400,5,0,29,75,"GC01"
2024-04-26,"Fri",211,12000,0,1,16,110,"GC01"
2024-04-27,"Sat",246,12750,15,1,25,171,"GC01"
2024-04-28,"Sun",250,13500,10,1,29,166,"GC01"
2024-04-29,"Mon",173,12000,0,0,25,79,"GC01"
2024-04-30,"Tue",152,12000,0,0,23,78,"GC01"
2024-05-01,"Wed",180,12000,0,0,9,79,"GC01"
2024-05-02,"Thu",196,12000,0,1,13,97,"GC01"
2024-05-03,"Fri",230,10800,10,1,23,108,"GC01"
2024-05-04,"Sat",204,15000,0,0,33,142,"GC01"
2024-05-05,"Sun",213,13500,10,1,56,152,"GC01"
2024-05-06,"Mon",199,12000,0,1,9,99,"GC01"
2024-05-07,"Tue",177,12000,0,0,26,86,"GC01"
2024-05-08,"Wed",151,12000,0,0,30,75,"GC01"
2024-05-09,"Thu",179,12000,0,0,12,86,"GC01"
2024-05-10,"Fri",209,11400,5,0,11,102,"GC01"
2024-05-11,"Sat",217,14250,5,0,50,149,"GC01"
2024-05-12,"Sun",236,13500,10,1,31,160,"GC01"
2024-05-13,"Mon",203,10200,15,1,26,103,"GC01"
2024-05-14,"Tue",156,11400,5,0,51,66,"GC01"
2024-05-15,"Wed",176,11400,5,0,16,84,"GC01"
2024-05-16,"Thu",150,11400,5,0,47,76,"GC01"
2024-05-17,"Fri",194,10200,15,1,59,97,"GC01"
2024-05-18,"Sat",222,15000,0,0,23,152,"GC01"
2024-05-19,"Sun",210,15000,0,0,36,142,"GC01"
2024-05-20,"Mon",207,10800,10,1,9,101,"GC01"
2024-05-21,"Tue",196,10200,15,1,41,106,"GC01"
2024-05-22,"Wed",190,10800,10,1,31,90,"GC01"
2024-05-23,"Thu",174,12000,0,1,30,87,"GC01"
2024-05-24,"Fri",184,12000,0,1,44,93,"GC01"
2024-05-25,"Sat",250,12750,15,1,19,176,"GC01"
2024-05-26,"Sun",198,14250,5,0,58,141,"GC01"
2024-05-27,"Mon",157,12000,0,0,31,82,"GC01"
2024-05-28,"Tue",172,12000,0,0,30,86,"GC01"
2024-05-29,"Wed",180,11400,5,0,16,97,"GC01"
2024-05-30,"Thu",204,10200,15,1,38,113,"GC01"
2024-05-31,"Fri",242,10200,15,1,9,129,"GC01"
2024-06-01,"Sat",215,14250,5,0,8,132,"GC01"
2024-06-02,"Sun",181,15000,0,1,44,121,"GC01"
2024-06-03,"Mon",205,10800,10,1,11,92,"GC01"
2024-06-04,"Tue",145,12000,0,0,24,73,"GC01"
2024-06-05,"Wed",185,12000,0,1,9,98,"GC01"
2024-06-06,"Thu",144,12000,0,0,40,79,"GC01"
2024-06-07,"Fri",207,11400,5,0,5,102,"GC01"
2024-06-08,"Sat",200,14250,5,0,32,144,"GC01"
2024-06-09,"Sun",186,15000,0,0,30,118,"GC01"
2024-06-10,"Mon",208,9600,20,1,9,125,"GC01"
2024-06-11,"Tue",149,12000,0,0,24,78,"GC01"
2024-06-12,"Wed",158,10800,10,1,32,81,"GC01"
2024-06-13,"Thu",170,11400,5,0,9,77,"GC01"
2024-06-14,"Fri",221,10800,10,1,10,114,"GC01"
2024-06-15,"Sat",213,13500,10,1,37,155,"GC01"
2024-06-16,"Sun",211,15000,0,1,20,147,"GC01"
2024-06-17,"Mon",188,10800,10,1,11,96,"GC01"
2024-06-18,"Tue",161,10200,15,1,46,88,"GC01"
2024-06-19,"Wed",164,12000,0,0,10,81,"GC01"
2024-06-20,"Thu",149,10800,10,1,47,64,"GC01"
2024-06-21,"Fri",156,10200,15,1,68,78,"GC01"
2024-06-22,"Sat",207,15000,0,0,18,146,"GC01"
2024-06-23,"Sun",180,15000,0,0,35,135,"GC01"
2024-06-24,"Mon",130,11400,5,0,50,64,"GC01"
2024-06-25,"Tue",124,12000,0,0,44,58,"GC01"
2024-06-26,"Wed",151,11400,5,1,42,84,"GC01"
2024-06-27,"Thu",125,12000,0,0,50,58,"GC01"
2024-06-28,"Fri",168,11400,5,0,23,78,"GC01"
2024-06-29,"Sat",178,15000,0,0,43,123,"GC01"
2024-06-30,"Sun",214,15000,0,1,16,142,"GC01"
2024-07-01,"Mon",166,10800,10,1,32,77,"GC01"
2024-07-02,"Tue",138,11400,5,0,44,73,"GC01"
2024-07-03,"Wed",167,11400,5,0,38,84,"GC01"
2024-07-04,"Thu",152,12000,0,0,14,69,"GC01"
2024-07-05,"Fri",178,10200,15,1,24,91,"GC01"
2024-07-06,"Sat",198,15000,0,0,26,130,"GC01"
2024-07-07,"Sun",195,15000,0,0,19,136,"GC01"
2024-07-08,"Mon",214,9600,20,1,16,106,"GC01"
2024-07-09,"Tue",149,11400,5,0,32,71,"GC01"
2024-07-10,"Wed",197,10200,15,1,30,93,"GC01"
2024-07-11,"Thu",153,12000,0,0,37,74,"GC01"
2024-07-12,"Fri",180,12000,0,0,25,85,"GC01"
2024-07-13,"Sat",215,14250,5,0,28,147,"GC01"
2024-07-14,"Sun",185,15000,0,0,37,123,"GC01"
2024-07-15,"Mon",181,10200,15,1,46,87,"GC01"
2024-07-16,"Tue",132,11400,5,0,29,62,"GC01"
2024-07-17,"Wed",175,10800,10,1,26,83,"GC01"
2024-07-18,"Thu",168,10800,10,1,33,74,"GC01"
2024-07-19,"Fri",181,10200,15,1,63,92,"GC01"
2024-07-20,"Sat",197,15000,0,0,23,141,"GC01"
2024-07-21,"Sun",196,15000,0,0,24,139,"GC01"
2024-07-22,"Mon",190,10200,15,1,25,95,"GC01"
2024-07-23,"Tue",185,10200,15,1,31,90,"GC01"
2024-07-24,"Wed",169,12000,0,0,9,83,"GC01"
2024-07-25,"Thu",167,10800,10,1,29,78,"GC01"
2024-07-26,"Fri",169,12000,0,0,11,86,"GC01"
2024-07-27,"Sat",179,15000,0,0,37,124,"GC01"
2024-07-28,"Sun",205,15000,0,0,6,139,"GC01"
2024-07-29,"Mon",168,11400,5,0,27,80,"GC01"
2024-07-30,"Tue",149,12000,0,0,26,72,"GC01"
2024-07-31,"Wed",165,10800,10,1,25,80,"GC01"
2024-08-01,"Thu",156,11400,5,0,36,82,"GC01"
2024-08-02,"Fri",159,12000,0,0,21,82,"GC01"
2024-08-03,"Sat",191,15000,0,0,33,136,"GC01"
2024-08-04,"Sun",217,15000,0,0,7,152,"GC01"
2024-08-05,"Mon",116,11400,5,1,77,57,"GC01"
2024-08-06,"Tue",157,12000,0,1,8,76,"GC01"
2024-08-07,"Wed",179,10800,10,1,22,90,"GC01"
2024-08-08,"Thu",146,11400,5,0,28,69,"GC01"
2024-08-09,"Fri",196,12000,0,0,10,106,"GC01"
2024-08-10,"Sat",163,15000,0,0,64,123,"GC01"
2024-08-11,"Sun",195,13500,10,1,44,145,"GC01"
2024-08-12,"Mon",171,11400,5,0,18,85,"GC01"
2024-08-13,"Tue",165,12000,0,0,15,85,"GC01"
2024-08-14,"Wed",145,11400,5,0,30,72,"GC01"
2024-08-15,"Thu",181,11400,5,1,5,88,"GC01"
2024-08-16,"Fri",138,12000,0,0,54,64,"GC01"
2024-08-17,"Sat",223,13500,10,1,22,159,"GC01"
2024-08-18,"Sun",202,15000,0,0,25,136,"GC01"
2024-08-19,"Mon",142,12000,0,0,38,71,"GC01"
2024-08-20,"Tue",193,10200,15,1,19,108,"GC01"
2024-08-21,"Wed",141,12000,0,0,47,71,"GC01"
2024-08-22,"Thu",138,12000,0,0,28,65,"GC01"
2024-08-23,"Fri",179,11400,5,0,15,93,"GC01"
2024-08-24,"Sat",239,12750,15,1,22,171,"GC01"
2024-08-25,"Sun",196,15000,0,0,34,135,"GC01"
2024-08-26,"Mon",140,12000,0,0,37,66,"GC01"
2024-08-27,"Tue",169,11400,5,1,11,82,"GC01"
2024-08-28,"Wed",118,12000,0,0,45,57,"GC01"
2024-08-29,"Thu",195,10200,15,1,9,102,"GC01"
2024-08-30,"Fri",148,12000,0,0,29,77,"GC01"
2024-08-31,"Sat",161,15000,0,0,49,114,"GC01"
2024-09-01,"Sun",167,15000,0,0,59,123,"GC01"
2024-09-02,"Mon",166,12000,0,0,10,78,"GC01"
2024-09-03,"Tue",198,10800,10,1,6,105,"GC01"
2024-09-04,"Wed",151,12000,0,1,36,61,"GC01"
2024-09-05,"Thu",156,12000,0,0,8,74,"GC01"
2024-09-06,"Fri",151,12000,0,0,53,72,"GC01"
2024-09-07,"Sat",185,15000,0,0,30,123,"GC01"
2024-09-08,"Sun",219,12750,15,1,22,151,"GC01"
2024-09-09,"Mon",114,12000,0,0,39,57,"GC01"
2024-09-10,"Tue",181,10800,10,1,37,94,"GC01"
2024-09-11,"Wed",160,11400,5,0,35,84,"GC01"
2024-09-12,"Thu",176,10800,10,1,33,85,"GC01"
2024-09-13,"Fri",196,11400,5,0,17,88,"GC01"
2024-09-14,"Sat",246,13500,10,1,14,168,"GC01"
2024-09-15,"Sun",167,15000,0,0,34,119,"GC01"
2024-09-16,"Mon",154,10800,10,1,54,81,"GC01"
2024-09-17,"Tue",147,12000,0,0,23,72,"GC01"
2024-09-18,"Wed",123,12000,0,0,48,61,"GC01"
2024-09-19,"Thu",141,12000,0,0,26,74,"GC01"
2024-09-20,"Fri",166,12000,0,1,33,85,"GC01"
2024-09-21,"Sat",217,15000,0,0,4,154,"GC01"
2024-09-22,"Sun",209,14250,5,0,9,143,"GC01"
2024-09-23,"Mon",132,12000,0,0,38,64,"GC01"
2024-09-24,"Tue",169,12000,0,1,24,82,"GC01"
2024-09-25,"Wed",163,12000,0,0,12,93,"GC01"
2024-09-26,"Thu",191,11400,5,0,10,96,"GC01"
2024-09-27,"Fri",186,11400,5,0,16,90,"GC01"
2024-09-28,"Sat",195,13500,10,1,68,133,"GC01"
2024-09-29,"Sun",223,12750,15,1,34,153,"GC01"
2024-09-30,"Mon",151,12000,0,0,13,80,"GC01"
2024-10-01,"Tue",190,11400,5,0,6,93,"GC01"
2024-10-02,"Wed",190,10200,15,1,39,90,"GC01"
2024-10-03,"Thu",192,10800,10,1,43,92,"GC01"
2024-10-04,"Fri",214,12000,0,0,3,112,"GC01"
2024-10-05,"Sat",207,13500,10,1,58,144,"GC01"
2024-10-06,"Sun",185,15000,0,0,61,139,"GC01"
2024-10-07,"Mon",160,12000,0,0,29,66,"GC01"
2024-10-08,"Tue",167,12000,0,0,19,77,"GC01"
2024-10-09,"Wed",173,11400,5,0,26,85,"GC01"
2024-10-10,"Thu",159,12000,0,0,16,72,"GC01"
2024-10-11,"Fri",221,10200,15,1,29,118,"GC01"
2024-10-12,"Sat",232,15000,0,0,17,156,"GC01"
2024-10-13,"Sun",209,14250,5,0,22,142,"GC01"
2024-10-14,"Mon",224,9600,20,1,25,104,"GC01"
2024-10-15,"Tue",175,12000,0,0,6,100,"GC01"
2024-10-16,"Wed",222,10200,15,1,11,116,"GC01"
2024-10-17,"Thu",171,12000,0,0,25,79,"GC01"
2024-10-18,"Fri",192,10200,15,1,57,101,"GC01"
2024-10-19,"Sat",213,15000,0,0,22,138,"GC01"
2024-10-20,"Sun",213,13500,10,1,46,152,"GC01"
2024-10-21,"Mon",203,10800,10,1,20,95,"GC01"
2024-10-22,"Tue",201,10200,15,1,32,95,"GC01"
2024-10-23,"Wed",157,12000,0,0,23,77,"GC01"
2024-10-24,"Thu",180,11400,5,1,21,99,"GC01"
2024-10-25,"Fri",217,11400,5,1,25,108,"GC01"
2024-10-26,"Sat",226,14250,5,0,26,158,"GC01"
2024-10-27,"Sun",250,12750,15,1,24,177,"GC01"
2024-10-28,"Mon",206,10200,15,1,20,95,"GC01"
2024-10-29,"Tue",167,12000,0,0,31,78,"GC01"
2024-10-30,"Wed",182,11400,5,0,21,95,"GC01"
2024-10-31,"Thu",181,11400,5,1,29,85,"GC01"
2024-11-01,"Fri",225,10200,15,1,28,91,"GC01"
2024-11-02,"Sat",169,15000,0,0,54,108,"GC01"
2024-11-03,"Sun",214,15000,0,1,23,150,"GC01"
2024-11-04,"Mon",176,10800,10,1,37,93,"GC01"
2024-11-05,"Tue",185,11400,5,0,18,99,"GC01"
2024-11-06,"Wed",156,11400,5,0,54,80,"GC01"
2024-11-07,"Thu",227,10800,10,1,1,119,"GC01"
2024-11-08,"Fri",212,10800,10,1,21,113,"GC01"
2024-11-09,"Sat",224,15000,0,1,21,158,"GC01"
2024-11-10,"Sun",219,13500,10,1,34,158,"GC01"
2024-11-11,"Mon",193,10200,15,1,43,98,"GC01"
2024-11-12,"Tue",148,11400,5,0,34,67,"GC01"
2024-11-13,"Wed",155,11400,5,0,62,81,"GC01"
2024-11-14,"Thu",177,10200,15,1,57,90,"GC01"
2024-11-15,"Fri",185,11400,5,0,29,97,"GC01"
2024-11-16,"Sat",242,15000,0,1,12,159,"GC01"
2024-11-17,"Sun",234,13500,10,1,36,158,"GC01"
2024-11-18,"Mon",167,12000,0,0,21,81,"GC01"
2024-11-19,"Tue",110,12000,0,0,77,54,"GC01"
2024-11-20,"Wed",173,10200,15,1,57,81,"GC01"
2024-11-21,"Thu",163,12000,0,0,10,77,"GC01"
2024-11-22,"Fri",192,12000,0,0,14,111,"GC01"
2024-11-23,"Sat",213,14250,5,0,26,151,"GC01"
2024-11-24,"Sun",200,15000,0,0,28,130,"GC01"
2024-11-25,"Mon",153,12000,0,0,27,70,"GC01"
2024-11-26,"Tue",146,11400,5,0,36,69,"GC01"
2024-11-27,"Wed",192,10200,15,1,30,95,"GC01"
2024-11-28,"Thu",184,10800,10,1,52,97,"GC01"
2024-11-29,"Fri",180,12000,0,0,34,87,"GC01"
2024-11-30,"Sat",211,15000,0,0,12,144,"GC01"
2024-12-01,"Sun",190,15000,0,0,21,135,"GC01"
2024-12-02,"Mon",171,10800,10,1,21,79,"GC01"
2024-12-03,"Tue",149,11400,5,0,16,72,"GC01"
2024-12-04,"Wed",134,11400,5,0,39,70,"GC01"
2024-12-05,"Thu",138,10800,10,1,70,64,"GC01"
2024-12-06,"Fri",183,12000,0,0,17,90,"GC01"
2024-12-07,"Sat",181,13500,10,1,59,124,"GC01"
2024-12-08,"Sun",206,15000,0,0,18,151,"GC01"
2024-12-09,"Mon",150,11400,5,0,24,71,"GC01"
2024-12-10,"Tue",152,10800,10,1,55,71,"GC01"
2024-12-11,"Wed",179,11400,5,1,19,83,"GC01"
2024-12-12,"Thu",147,10800,10,1,62,72,"GC01"
2024-12-13,"Fri",138,12000,0,0,39,66,"GC01"
2024-12-14,"Sat",217,14250,5,1,8,159,"GC01"
2024-12-15,"Sun",218,15000,0,0,9,152,"GC01"
2024-12-16,"Mon",140,12000,0,0,46,68,"GC01"
2024-12-17,"Tue",182,10800,10,1,14,107,"GC01"
2024-12-18,"Wed",156,12000,0,1,31,85,"GC01"
2024-12-19,"Thu",124,12000,0,0,46,60,"GC01"
2024-12-20,"Fri",227,10800,10,1,14,106,"GC01"
2024-12-21,"Sat",202,15000,0,0,9,154,"GC01"
2024-12-22,"Sun",214,14250,5,0,11,149,"GC01"
2024-12-23,"Mon",149,11400,5,0,40,80,"GC01"
2024-12-24,"Tue",159,11400,5,0,29,83,"GC01"
2024-12-25,"Wed",193,9600,20,1,17,89,"GC01"
2024-12-26,"Thu",168,11400,5,1,20,85,"GC01"
2024-12-27,"Fri",172,12000,0,0,20,93,"GC01"
2024-12-28,"Sat",188,15000,0,0,23,128,"GC01"
2024-12-29,"Sun",220,13500,10,1,38,152,"GC01"
2024-12-30,"Mon",149,12000,0,0,17,75,"GC01"
2024-12-31,"Tue",166,12000,0,0,7,77,"GC01"
2025-01-01,"Wed",104,12000,0,0,68,47,"GC01"
2025-01-02,"Thu",124,11400,5,0,48,62,"GC01"
2025-01-03,"Fri",165,12000,0,0,18,77,"GC01"
2025-01-04,"Sat",190,15000,0,0,32,131,"GC01"
2025-01-05,"Sun",199,15000,0,0,15,140,"GC01"
2025-01-06,"Mon",161,12000,0,0,13,84,"GC01"
2025-01-07,"Tue",170,10800,10,1,29,86,"GC01"
2025-01-08,"Wed",159,12000,0,1,30,76,"GC01"
2025-01-09,"Thu",157,12000,0,1,25,79,"GC01"
2025-01-10,"Fri",223,9600,20,1,26,106,"GC01"
2025-01-11,"Sat",202,14250,5,0,18,149,"GC01"
2025-01-12,"Sun",229,12750,15,1,29,154,"GC01"
2025-01-13,"Mon",177,10800,10,1,12,83,"GC01"
2025-01-14,"Tue",223,9600,20,1,1,115,"GC01"
2025-01-15,"Wed",152,11400,5,0,34,67,"GC01"
2025-01-16,"Thu",137,12000,0,0,54,68,"GC01"
2025-01-17,"Fri",209,10800,10,1,27,111,"GC01"
2025-01-18,"Sat",243,12750,15,1,7,157,"GC01"
2025-01-19,"Sun",200,15000,0,0,25,136,"GC01"
2025-01-20,"Mon",154,12000,0,1,17,73,"GC01"
2025-01-21,"Tue",150,11400,5,1,48,72,"GC01"
2025-01-22,"Wed",185,9600,20,1,23,92,"GC01"
2025-01-23,"Thu",203,10200,15,1,2,107,"GC01"
2025-01-24,"Fri",182,12000,0,0,6,94,"GC01"
2025-01-25,"Sat",201,15000,0,1,26,136,"GC01"
2025-01-26,"Sun",221,12750,15,1,36,152,"GC01"
2025-01-27,"Mon",194,10200,15,1,5,95,"GC01"
2025-01-28,"Tue",168,10200,15,1,42,87,"GC01"
2025-01-29,"Wed",202,10800,10,1,11,96,"GC01"
2025-01-30,"Thu",141,12000,0,0,27,60,"GC01"
2025-01-31,"Fri",175,12000,0,0,22,79,"GC01"
2025-02-01,"Sat",215,14250,5,1,22,148,"GC01"
2025-02-02,"Sun",196,15000,0,0,44,137,"GC01"
2025-02-03,"Mon",202,9600,20,1,20,89,"GC01"
2025-02-04,"Tue",143,12000,0,0,30,64,"GC01"
2025-02-05,"Wed",186,10800,10,1,24,98,"GC01"
2025-02-06,"Thu",154,12000,0,0,8,79,"GC01"
2025-02-07,"Fri",162,11400,5,0,49,73,"GC01"
2025-02-08,"Sat",237,14250,5,1,1,165,"GC01"
2025-02-09,"Sun",197,14250,5,0,31,133,"GC01"
2025-02-10,"Mon",127,12000,0,0,35,57,"GC01"
2025-02-11,"Tue",202,10200,15,1,5,96,"GC01"
2025-02-12,"Wed",166,10200,15,1,48,74,"GC01"
2025-02-13,"Thu",158,10800,10,1,51,73,"GC01"
2025-02-14,"Fri",197,10800,10,1,21,109,"GC01"
2025-02-15,"Sat",195,14250,5,0,23,144,"GC01"
2025-02-16,"Sun",205,13500,10,1,47,141,"GC01"
2025-02-17,"Mon",136,12000,0,0,34,75,"GC01"
2025-02-18,"Tue",191,10800,10,1,13,95,"GC01"
2025-02-19,"Wed",136,12000,0,0,35,69,"GC01"
2025-02-20,"Thu",159,12000,0,1,23,78,"GC01"
2025-02-21,"Fri",146,10800,10,1,75,75,"GC01"
2025-02-22,"Sat",223,12750,15,1,39,162,"GC01"
2025-02-23,"Sun",186,15000,0,0,23,133,"GC01"
2025-02-24,"Mon",172,12000,0,1,3,83,"GC01"
2025-02-25,"Tue",196,10800,10,1,21,91,"GC01"
2025-02-26,"Wed",132,12000,0,1,44,65,"GC01"
2025-02-27,"Thu",154,12000,0,0,35,68,"GC01"
2025-02-28,"Fri",186,11400,5,0,2,100,"GC01"
2025-03-01,"Sat",212,15000,0,0,20,142,"GC01"
2025-03-02,"Sun",229,13500,10,1,19,177,"GC01"
2025-03-03,"Mon",124,12000,0,0,58,62,"GC01"
2025-03-04,"Tue",169,12000,0,0,19,86,"GC01"
2025-03-05,"Wed",212,10200,15,1,19,107,"GC01"
2025-03-06,"Thu",191,10200,15,1,20,93,"GC01"
2025-03-07,"Fri",219,10800,10,1,24,115,"GC01"
2025-03-08,"Sat",178,15000,0,0,46,123,"GC01"
2025-03-09,"Sun",183,14250,5,0,52,125,"GC01"
2025-03-10,"Mon",210,10200,15,1,21,96,"GC01"
2025-03-11,"Tue",165,11400,5,0,37,79,"GC01"
2025-03-12,"Wed",151,12000,0,0,29,78,"GC01"
2025-03-13,"Thu",180,11400,5,0,19,88,"GC01"
2025-03-14,"Fri",200,12000,0,1,23,94,"GC01"
2025-03-15,"Sat",213,13500,10,1,39,148,"GC01"
2025-03-16,"Sun",217,15000,0,0,16,156,"GC01"
2025-03-17,"Mon",160,11400,5,0,30,80,"GC01"
2025-03-18,"Tue",180,12000,0,1,6,91,"GC01"
2025-03-19,"Wed",173,10800,10,1,33,90,"GC01"
2025-03-20,"Thu",181,11400,5,0,3,98,"GC01"
2025-03-21,"Fri",177,11400,5,0,34,94,"GC01"
2025-03-22,"Sat",228,14250,5,0,4,158,"GC01"
2025-03-23,"Sun",250,12000,20,1,21,181,"GC01"
2025-03-24,"Mon",217,10200,15,1,9,121,"GC01"
2025-03-25,"Tue",158,12000,0,0,34,76,"GC01"
2025-03-26,"Wed",199,10200,15,1,19,106,"GC01"
2025-03-27,"Thu",171,11400,5,0,26,82,"GC01"
2025-03-28,"Fri",172,12000,0,0,24,88,"GC01"
2025-03-29,"Sat",220,12750,15,1,53,158,"GC01"
2025-03-30,"Sun",212,15000,0,1,31,146,"GC01"
2025-03-31,"Mon",165,12000,0,0,27,88,"GC01"
2025-04-01,"Tue",211,10800,10,1,12,93,"GC01"
2025-04-02,"Wed",163,12000,0,0,30,88,"GC01"
2025-04-03,"Thu",174,12000,0,0,33,90,"GC01"
2025-04-04,"Fri",244,9600,20,1,23,129,"GC01"
2025-04-05,"Sat",242,14250,5,0,17,162,"GC01"
2025-04-06,"Sun",208,15000,0,0,32,143,"GC01"
2025-04-07,"Mon",196,10800,10,1,35,103,"GC01"
2025-04-08,"Tue",177,11400,5,0,23,87,"GC01"
2025-04-09,"Wed",141,12000,0,0,38,68,"GC01"
2025-04-10,"Thu",172,12000,0,0,24,86,"GC01"
2025-04-11,"Fri",205,10800,10,1,22,106,"GC01"
2025-04-12,"Sat",226,14250,5,0,22,157,"GC01"
2025-04-13,"Sun",250,12000,20,1,17,178,"GC01"
2025-04-14,"Mon",173,12000,0,0,28,88,"GC01"
2025-04-15,"Tue",161,12000,0,0,37,69,"GC01"
2025-04-16,"Wed",151,11400,5,0,40,75,"GC01"
2025-04-17,"Thu",187,10800,10,1,43,97,"GC01"
2025-04-18,"Fri",237,10800,10,1,6,119,"GC01"
2025-04-19,"Sat",223,13500,10,1,40,140,"GC01"
2025-04-20,"Sun",229,15000,0,1,9,164,"GC01"
2025-04-21,"Mon",146,12000,0,0,67,70,"GC01"
2025-04-22,"Tue",213,9600,20,1,33,104,"GC01"
2025-04-23,"Wed",134,12000,0,0,43,64,"GC01"
2025-04-24,"Thu",151,12000,0,0,38,67,"GC01"
2025-04-25,"Fri",210,10800,10,1,23,105,"GC01"
2025-04-26,"Sat",250,12000,20,1,25,193,"GC01"
2025-04-27,"Sun",222,13500,10,1,47,149,"GC01"
2025-04-28,"Mon",186,10800,10,1,27,99,"GC01"
2025-04-29,"Tue",209,10800,10,1,13,107,"GC01"
2025-04-30,"Wed",179,12000,0,0,7,82,"GC01"
2025-05-01,"Thu",217,10800,10,1,28,105,"GC01"
2025-05-02,"Fri",202,11400,5,1,25,110,"GC01"
2025-05-03,"Sat",240,14250,5,0,4,179,"GC01"
2025-05-04,"Sun",231,13500,10,1,45,148,"GC01"
2025-05-05,"Mon",187,11400,5,0,24,97,"GC01"
2025-05-06,"Tue",159,12000,0,0,44,75,"GC01"
2025-05-07,"Wed",181,11400,5,0,9,95,"GC01"
2025-05-08,"Thu",197,11400,5,0,6,96,"GC01"
2025-05-09,"Fri",193,11400,5,0,21,94,"GC01"
2025-05-10,"Sat",220,14250,5,0,28,164,"GC01"
2025-05-11,"Sun",246,13500,10,1,23,175,"GC01"
2025-05-12,"Mon",176,12000,0,0,27,82,"GC01"
2025-05-13,"Tue",175,11400,5,0,24,84,"GC01"
2025-05-14,"Wed",162,12000,0,0,27,87,"GC01"
2025-05-15,"Thu",209,10800,10,1,21,112,"GC01"
2025-05-16,"Fri",216,10800,10,1,45,92,"GC01"
2025-05-17,"Sat",225,15000,0,0,12,157,"GC01"
2025-05-18,"Sun",237,13500,10,1,47,166,"GC01"
2025-05-19,"Mon",165,12000,0,0,46,77,"GC01"
2025-05-20,"Tue",147,12000,0,0,62,62,"GC01"
2025-05-21,"Wed",177,11400,5,0,33,94,"GC01"
2025-05-22,"Thu",198,11400,5,0,4,89,"GC01"
2025-05-23,"Fri",184,12000,0,0,23,95,"GC01"
2025-05-24,"Sat",214,15000,0,0,37,146,"GC01"
2025-05-25,"Sun",225,13500,10,1,57,158,"GC01"
2025-05-26,"Mon",174,10800,10,1,49,84,"GC01"
2025-05-27,"Tue",213,10200,15,1,27,100,"GC01"
2025-05-28,"Wed",166,12000,0,0,21,83,"GC01"
2025-05-29,"Thu",181,12000,0,1,30,87,"GC01"
2025-05-30,"Fri",235,10200,15,1,18,123,"GC01"
2025-05-31,"Sat",247,13500,10,1,13,175,"GC01"
2025-06-01,"Sun",210,15000,0,0,5,140,"GC01"
2025-06-02,"Mon",155,12000,0,1,21,80,"GC01"
2025-06-03,"Tue",155,10800,10,1,36,88,"GC01"
2025-06-04,"Wed",154,10200,15,1,52,80,"GC01"
2025-06-05,"Thu",158,10800,10,1,34,84,"GC01"
2025-06-06,"Fri",207,10200,15,1,28,114,"GC01"
2025-06-07,"Sat",199,15000,0,0,24,134,"GC01"
2025-06-08,"Sun",236,14250,5,1,7,160,"GC01"
2025-06-09,"Mon",160,12000,0,0,27,79,"GC01"
2025-06-10,"Tue",206,10200,15,1,2,109,"GC01"
2025-06-11,"Wed",136,12000,0,0,46,74,"GC01"
2025-06-12,"Thu",213,9600,20,1,13,106,"GC01"
2025-06-13,"Fri",180,12000,0,0,13,78,"GC01"
2025-06-14,"Sat",211,12750,15,1,53,145,"GC01"
2025-06-15,"Sun",200,15000,0,0,20,141,"GC01"
2025-06-16,"Mon",162,11400,5,0,7,77,"GC01"
2025-06-17,"Tue",124,12000,0,1,51,68,"GC01"
2025-06-18,"Wed",145,12000,0,0,18,76,"GC01"
2025-06-19,"Thu",162,12000,0,0,3,83,"GC01"
2025-06-20,"Fri",167,12000,0,0,34,83,"GC01"
2025-06-21,"Sat",189,15000,0,0,30,129,"GC01"
2025-06-22,"Sun",185,13500,10,1,61,129,"GC01"
2025-06-23,"Mon",151,11400,5,0,30,80,"GC01"
2025-06-24,"Tue",146,12000,0,0,34,78,"GC01"
2025-06-25,"Wed",151,12000,0,0,37,81,"GC01"
2025-06-26,"Thu",180,10200,15,1,25,93,"GC01"
2025-06-27,"Fri",169,11400,5,0,24,91,"GC01"
2025-06-28,"Sat",223,14250,5,1,16,157,"GC01"
2025-06-29,"Sun",182,14250,5,0,58,131,"GC01"
2025-06-30,"Mon",180,10800,10,1,23,99,"GC01"
2025-07-01,"Tue",152,11400,5,0,46,80,"GC01"
2025-07-02,"Wed",150,12000,0,0,37,69,"GC01"
2025-07-03,"Thu",113,12000,0,0,51,50,"GC01"
2025-07-04,"Fri",166,10800,10,1,48,76,"GC01"
2025-07-05,"Sat",201,13500,10,1,46,136,"GC01"
2025-07-06,"Sun",250,12750,15,1,11,171,"GC01"
2025-07-07,"Mon",145,11400,5,0,31,68,"GC01"
2025-07-08,"Tue",157,12000,0,0,14,90,"GC01"
2025-07-09,"Wed",156,11400,5,0,36,71,"GC01"
2025-07-10,"Thu",141,12000,0,0,21,75,"GC01"
2025-07-11,"Fri",165,11400,5,0,42,85,"GC01"
2025-07-12,"Sat",202,15000,0,0,7,132,"GC01"
2025-07-13,"Sun",236,13500,10,1,9,162,"GC01"
2025-07-14,"Mon",162,11400,5,0,21,75,"GC01"
2025-07-15,"Tue",166,10800,10,1,23,87,"GC01"
2025-07-16,"Wed",131,12000,0,1,52,66,"GC01"
2025-07-17,"Thu",188,10200,15,1,15,91,"GC01"
2025-07-18,"Fri",184,12000,0,0,8,87,"GC01"
2025-07-19,"Sat",236,13500,10,1,7,165,"GC01"
2025-07-20,"Sun",210,14250,5,0,19,147,"GC01"
2025-07-21,"Mon",208,10200,15,1,6,105,"GC01"
2025-07-22,"Tue",120,12000,0,0,56,53,"GC01"
2025-07-23,"Wed",157,11400,5,0,9,82,"GC01"
2025-07-24,"Thu",187,12000,0,0,8,89,"GC01"
2025-07-25,"Fri",138,12000,0,0,66,69,"GC01"
2025-07-26,"Sat",178,15000,0,0,51,126,"GC01"
2025-07-27,"Sun",193,15000,0,0,24,121,"GC01"
2025-07-28,"Mon",137,10200,15,1,63,67,"GC01"
2025-07-29,"Tue",148,9600,20,1,56,75,"GC01"
2025-07-30,"Wed",154,10200,15,1,67,69,"GC01"
2025-07-31,"Thu",146,12000,0,0,28,73,"GC01"
2025-08-01,"Fri",188,11400,5,1,11,95,"GC01"
2025-08-02,"Sat",211,15000,0,0,17,144,"GC01"
2025-08-03,"Sun",235,13500,10,1,8,162,"GC01"
2025-08-04,"Mon",150,12000,0,0,23,65,"GC01"
2025-08-05,"Tue",158,10200,15,1,50,78,"GC01"
2025-08-06,"Wed",146,10800,10,1,53,71,"GC01"
2025-08-07,"Thu",137,12000,0,0,32,72,"GC01"
2025-08-08,"Fri",188,12000,0,1,17,97,"GC01"
2025-08-09,"Sat",212,15000,0,0,23,149,"GC01"
2025-08-10,"Sun",179,13500,10,1,58,133,"GC01"
2025-08-11,"Mon",182,10800,10,1,11,95,"GC01"
2025-08-12,"Tue",168,12000,0,0,11,80,"GC01"
2025-08-13,"Wed",155,12000,0,0,31,80,"GC01"
2025-08-14,"Thu",152,12000,0,1,30,74,"GC01"
2025-08-15,"Fri",189,10800,10,1,27,84,"GC01"
2025-08-16,"Sat",233,13500,10,1,3,163,"GC01"
2025-08-17,"Sun",168,15000,0,0,52,118,"GC01"
2025-08-18,"Mon",149,11400,5,0,45,85,"GC01"
2025-08-19,"Tue",153,12000,0,0,10,75,"GC01"
2025-08-20,"Wed",176,11400,5,1,18,82,"GC01"
2025-08-21,"Thu",154,11400,5,0,30,79,"GC01"
2025-08-22,"Fri",169,11400,5,1,37,80,"GC01"
2025-08-23,"Sat",250,12000,20,1,15,171,"GC01"
2025-08-24,"Sun",163,15000,0,0,55,119,"GC01"
2025-08-25,"Mon",149,12000,0,0,19,67,"GC01"
2025-08-26,"Tue",190,10200,15,1,25,90,"GC01"
2025-08-27,"Wed",159,12000,0,1,11,69,"GC01"
2025-08-28,"Thu",140,12000,0,0,35,66,"GC01"
2025-08-29,"Fri",225,10200,15,1,8,114,"GC01"
2025-08-30,"Sat",250,12000,20,1,6,187,"GC01"
2025-08-31,"Sun",182,15000,0,0,23,125,"GC01"
2025-09-01,"Mon",153,10800,10,1,45,72,"GC01"
2025-09-02,"Tue",180,10800,10,1,27,84,"GC01"
2025-09-03,"Wed",152,11400,5,0,35,73,"GC01"
2025-09-04,"Thu",210,10200,15,1,11,111,"GC01"
2025-09-05,"Fri",219,10200,15,1,15,113,"GC01"
2025-09-06,"Sat",185,15000,0,0,29,133,"GC01"
2025-09-07,"Sun",207,15000,0,0,15,141,"GC01"
2025-09-08,"Mon",184,10800,10,1,13,90,"GC01"
2025-09-09,"Tue",191,10800,10,1,7,105,"GC01"
2025-09-10,"Wed",152,12000,0,1,22,70,"GC01"
2025-09-11,"Thu",200,9600,20,1,25,106,"GC01"
2025-09-12,"Fri",141,12000,0,0,66,64,"GC01"
2025-09-13,"Sat",197,15000,0,0,25,132,"GC01"
2025-09-14,"Sun",203,15000,0,0,12,140,"GC01"
2025-09-15,"Mon",155,12000,0,0,17,72,"GC01"
2025-09-16,"Tue",173,12000,0,0,16,89,"GC01"
2025-09-17,"Wed",165,12000,0,1,16,83,"GC01"
2025-09-18,"Thu",110,12000,0,1,66,52,"GC01"
2025-09-19,"Fri",158,11400,5,0,33,82,"GC01"
2025-09-20,"Sat",203,14250,5,0,31,146,"GC01"
2025-09-21,"Sun",248,13500,10,1,6,192,"GC01"
2025-09-22,"Mon",158,11400,5,0,25,78,"GC01"
2025-09-23,"Tue",148,12000,0,0,23,77,"GC01"
2025-09-24,"Wed",180,10800,10,1,23,86,"GC01"
2025-09-25,"Thu",115,11400,5,0,62,63,"GC01"
2025-09-26,"Fri",179,12000,0,0,15,92,"GC01"
2025-09-27,"Sat",191,15000,0,0,26,132,"GC01"
2025-09-28,"Sun",219,12000,20,1,47,152,"GC01"
2025-09-29,"Mon",140,11400,5,0,31,72,"GC01"
2025-09-30,"Tue",138,12000,0,0,24,71,"GC01"
2025-10-01,"Wed",226,9600,20,1,7,114,"GC01"
2025-10-02,"Thu",177,12000,0,0,10,94,"GC01"
2025-10-03,"Fri",189,11400,5,0,32,92,"GC01"
2025-10-04,"Sat",194,14250,5,0,61,136,"GC01"
2025-10-05,"Sun",228,15000,0,0,5,159,"GC01"
2025-10-06,"Mon",193,10800,10,1,19,101,"GC01"
2025-10-07,"Tue",202,10200,15,1,29,101,"GC01"
2025-10-08,"Wed",187,12000,0,0,5,89,"GC01"
2025-10-09,"Thu",196,10800,10,1,17,104,"GC01"
2025-10-10,"Fri",230,10800,10,1,13,115,"GC01"
2025-10-11,"Sat",177,15000,0,0,80,124,"GC01"
2025-10-12,"Sun",237,13500,10,1,27,162,"GC01"
2025-10-13,"Mon",152,11400,5,0,34,72,"GC01"
2025-10-14,"Tue",182,10800,10,1,39,91,"GC01"
2025-10-15,"Wed",180,11400,5,0,30,88,"GC01"
2025-10-16,"Thu",178,10800,10,1,47,91,"GC01"
2025-10-17,"Fri",215,10800,10,1,24,102,"GC01"
2025-10-18,"Sat",213,15000,0,0,21,149,"GC01"
2025-10-19,"Sun",222,15000,0,1,21,145,"GC01"
2025-10-20,"Mon",172,10800,10,1,44,87,"GC01"
2025-10-21,"Tue",186,11400,5,1,26,98,"GC01"
2025-10-22,"Wed",177,12000,0,0,7,82,"GC01"
2025-10-23,"Thu",202,10200,15,1,38,94,"GC01"
2025-10-24,"Fri",174,12000,0,0,21,87,"GC01"
2025-10-25,"Sat",236,13500,10,1,18,167,"GC01"
2025-10-26,"Sun",225,13500,10,1,28,149,"GC01"
2025-10-27,"Mon",193,10800,10,1,21,98,"GC01"
2025-10-28,"Tue",184,10800,10,1,21,87,"GC01"
2025-10-29,"Wed",192,9600,20,1,35,97,"GC01"
2025-10-30,"Thu",217,10200,15,1,28,105,"GC01"
2025-10-31,"Fri",200,10800,10,1,33,108,"GC01"
2025-11-01,"Sat",215,13500,10,1,46,133,"GC01"
2025-11-02,"Sun",207,15000,0,0,31,156,"GC01"
2025-11-03,"Mon",149,11400,5,0,32,77,"GC01"
2025-11-04,"Tue",99,12000,0,0,87,45,"GC01"
2025-11-05,"Wed",189,10800,10,1,20,90,"GC01"
2025-11-06,"Thu",202,10800,10,1,29,103,"GC01"
2025-11-07,"Fri",199,10200,15,1,34,96,"GC01"
2025-11-08,"Sat",201,12750,15,1,78,132,"GC01"
2025-11-09,"Sun",201,15000,0,0,27,138,"GC01"
2025-11-10,"Mon",157,12000,0,0,37,77,"GC01"
2025-11-11,"Tue",220,10800,10,1,6,108,"GC01"
2025-11-12,"Wed",180,11400,5,0,17,96,"GC01"
2025-11-13,"Thu",160,12000,0,0,21,85,"GC01"
2025-11-14,"Fri",187,10800,10,1,61,102,"GC01"
2025-11-15,"Sat",250,12750,15,1,15,173,"GC01"
2025-11-16,"Sun",207,14250,5,0,39,145,"GC01"
2025-11-17,"Mon",172,11400,5,0,17,85,"GC01"
2025-11-18,"Tue",147,12000,0,0,32,80,"GC01"
2025-11-19,"Wed",188,10800,10,1,21,97,"GC01"
2025-11-20,"Thu",174,11400,5,0,35,89,"GC01"
2025-11-21,"Fri",161,12000,0,0,45,68,"GC01"
2025-11-22,"Sat",226,13500,10,1,14,164,"GC01"
2025-11-23,"Sun",236,14250,5,0,11,157,"GC01"
2025-11-24,"Mon",211,9600,20,1,22,100,"GC01"
2025-11-25,"Tue",223,9600,20,1,10,116,"GC01"
2025-11-26,"Wed",188,11400,5,0,7,90,"GC01"
2025-11-27,"Thu",147,11400,5,0,45,69,"GC01"
2025-11-28,"Fri",188,12000,0,0,4,93,"GC01"
2025-11-29,"Sat",250,12750,15,1,12,173,"GC01"
2025-11-30,"Sun",151,15000,0,0,70,107,"GC01"
2025-12-01,"Mon",148,12000,0,0,16,79,"GC01"
2025-12-02,"Tue",215,9600,20,1,15,98,"GC01"
2025-12-03,"Wed",162,12000,0,0,15,85,"GC01"
2025-12-04,"Thu",167,12000,0,0,10,82,"GC01"
2025-12-05,"Fri",174,10800,10,1,45,89,"GC01"
2025-12-06,"Sat",235,12750,15,1,33,156,"GC01"
2025-12-07,"Sun",248,13500,10,1,10,167,"GC01"
2025-12-08,"Mon",158,11400,5,0,22,70,"GC01"
2025-12-09,"Tue",138,12000,0,0,50,70,"GC01"
2025-12-10,"Wed",154,12000,0,0,16,83,"GC01"
2025-12-11,"Thu",149,12000,0,0,33,71,"GC01"
2025-12-12,"Fri",215,9600,20,1,30,103,"GC01"
2025-12-13,"Sat",216,14250,5,1,17,150,"GC01"
2025-12-14,"Sun",212,14250,5,0,8,155,"GC01"
2025-12-15,"Mon",151,11400,5,0,13,77,"GC01"
2025-12-16,"Tue",179,10800,10,1,15,90,"GC01"
2025-12-17,"Wed",154,10200,15,1,46,77,"GC01"
2025-12-18,"Thu",145,12000,0,0,24,72,"GC01"
2025-12-19,"Fri",202,10800,10,1,23,100,"GC01"
2025-12-20,"Sat",211,15000,0,0,10,133,"GC01"
2025-12-21,"Sun",238,12750,15,1,20,178,"GC01"
2025-12-22,"Mon",115,11400,5,0,63,60,"GC01"
2025-12-23,"Tue",197,10200,15,1,19,95,"GC01"
2025-12-24,"Wed",200,10800,10,1,4,99,"GC01"
2025-12-25,"Thu",149,12000,0,0,21,74,"GC01"
2025-12-26,"Fri",170,12000,0,0,18,86,"GC01"
2025-12-27,"Sat",221,13500,10,1,22,168,"GC01"
2025-12-28,"Sun",201,15000,0,1,18,143,"GC01"
2025-12-29,"Mon",152,11400,5,0,35,77,"GC01"
2025-12-30,"Tue",142,12000,0,0,23,75,"GC01"
2025-12-31,"Wed",138,12000,0,0,34,65,"GC01"
2026-01-01,"Thu",157,12000,0,1,28,78,"GC01"
2026-01-02,"Fri",171,11400,5,0,32,84,"GC01"
2026-01-03,"Sat",206,15000,0,0,14,152,"GC01"
2026-01-04,"Sun",228,13500,10,1,20,158,"GC01"
2026-01-05,"Mon",147,10200,15,1,56,72,"GC01"
2026-01-06,"Tue",175,10200,15,1,20,93,"GC01"
2026-01-07,"Wed",174,10200,15,1,51,88,"GC01"
2026-01-08,"Thu",206,10200,15,1,6,110,"GC01"
2026-01-09,"Fri",191,11400,5,0,9,98,"GC01"
2026-01-10,"Sat",199,14250,5,0,28,135,"GC01"
2026-01-11,"Sun",192,14250,5,0,28,140,"GC01"
2026-01-12,"Mon",133,12000,0,0,48,66,"GC01"
2026-01-13,"Tue",165,12000,0,0,5,84,"GC01"
2026-01-14,"Wed",157,12000,0,0,7,78,"GC01"
2026-01-15,"Thu",153,12000,0,0,18,73,"GC01"
2026-01-16,"Fri",182,10800,10,1,37,93,"GC01"
2026-01-17,"Sat",240,13500,10,1,14,165,"GC01"
2026-01-18,"Sun",172,15000,0,0,48,122,"GC01"
2026-01-19,"Mon",183,10800,10,1,17,92,"GC01"
2026-01-20,"Tue",160,12000,0,0,26,78,"GC01"
2026-01-21,"Wed",214,10200,15,1,16,101,"GC01"
2026-01-22,"Thu",171,11400,5,0,22,89,"GC01"
2026-01-23,"Fri",188,11400,5,0,6,97,"GC01"
2026-01-24,"Sat",180,15000,0,0,43,130,"GC01"
2026-01-25,"Sun",205,15000,0,0,26,141,"GC01"
2026-01-26,"Mon",172,10800,10,1,17,95,"GC01"
2026-01-27,"Tue",192,10800,10,1,16,95,"GC01"
2026-01-28,"Wed",153,12000,0,0,22,85,"GC01"
2026-01-29,"Thu",137,12000,0,0,42,68,"GC01"
2026-01-30,"Fri",196,10200,15,1,43,95,"GC01"
2026-01-31,"Sat",213,13500,10,1,38,148,"GC01"
2026-02-01,"Sun",203,15000,0,0,12,140,"GC01"
2026-02-02,"Mon",161,12000,0,0,2,76,"GC01"
2026-02-03,"Tue",146,12000,0,1,31,73,"GC01"
2026-02-04,"Wed",195,10200,15,1,23,91,"GC01"
2026-02-05,"Thu",180,10800,10,1,22,89,"GC01"
2026-02-06,"Fri",175,10800,10,1,38,76,"GC01"
2026-02-07,"Sat",222,14250,5,0,10,158,"GC01"
2026-02-08,"Sun",212,14250,5,1,21,154,"GC01"
2026-02-09,"Mon",200,10800,10,1,8,104,"GC01"
2026-02-10,"Tue",190,10800,10,1,12,94,"GC01"
2026-02-11,"Wed",143,12000,0,0,13,67,"GC01"
2026-02-12,"Thu",159,11400,5,1,31,83,"GC01"
2026-02-13,"Fri",179,12000,0,0,11,88,"GC01"
2026-02-14,"Sat",193,15000,0,0,24,133,"GC01"
2026-02-15,"Sun",165,15000,0,0,47,111,"GC01"
2026-02-16,"Mon",144,12000,0,0,34,67,"GC01"
2026-02-17,"Tue",141,12000,0,0,22,68,"GC01"
2026-02-18,"Wed",159,12000,0,0,9,80,"GC01"
2026-02-19,"Thu",157,11400,5,0,17,72,"GC01"
2026-02-20,"Fri",130,12000,0,0,66,67,"GC01"
2026-02-21,"Sat",230,12750,15,1,30,160,"GC01"
2026-02-22,"Sun",206,15000,0,1,9,152,"GC01"
2026-02-23,"Mon",144,12000,0,0,9,76,"GC01"
2026-02-24,"Tue",165,12000,0,0,17,77,"GC01"
2026-02-25,"Wed",169,11400,5,0,19,80,"GC01"
2026-02-26,"Thu",136,11400,5,0,56,67,"GC01"
2026-02-27,"Fri",168,12000,0,0,12,83,"GC01"
2026-02-28,"Sat",192,15000,0,0,31,136,"GC01"
2026-03-01,"Sun",201,15000,0,0,34,137,"GC01"
2026-03-02,"Mon",151,11400,5,0,42,71,"GC01"
2026-03-03,"Tue",148,12000,0,0,22,75,"GC01"
2026-03-04,"Wed",181,10800,10,1,20,78,"GC01"
2026-03-05,"Thu",178,11400,5,0,15,86,"GC01"
2026-03-06,"Fri",160,11400,5,0,42,79,"GC01"
2026-03-07,"Sat",182,15000,0,0,62,130,"GC01"
2026-03-08,"Sun",249,13500,10,1,8,173,"GC01"
2026-03-09,"Mon",165,10800,10,1,43,78,"GC01"
2026-03-10,"Tue",135,12000,0,0,53,68,"GC01"
2026-03-11,"Wed",165,12000,0,0,21,87,"GC01"
2026-03-12,"Thu",175,11400,5,0,23,89,"GC01"
2026-03-13,"Fri",191,12000,0,0,33,94,"GC01"
2026-03-14,"Sat",233,12750,15,1,30,171,"GC01"
2026-03-15,"Sun",218,15000,0,0,17,143,"GC01"
2026-03-16,"Mon",186,11400,5,1,47,100,"GC01"
2026-03-17,"Tue",195,10200,15,1,34,87,"GC01"
2026-03-18,"Wed",159,12000,0,0,10,86,"GC01"
2026-03-19,"Thu",175,11400,5,0,20,92,"GC01"
2026-03-20,"Fri",211,10800,10,1,20,107,"GC01"
2026-03-21,"Sat",204,14250,5,0,39,134,"GC01"
2026-03-22,"Sun",228,15000,0,1,14,152,"GC01"
2026-03-23,"Mon",180,12000,0,0,13,97,"GC01"
2026-03-24,"Tue",159,12000,0,0,21,79,"GC01"
2026-03-25,"Wed",153,12000,0,0,26,79,"GC01"
2026-03-26,"Thu",186,10800,10,1,32,99,"GC01"
2026-03-27,"Fri",184,12000,0,0,16,88,"GC01"
2026-03-28,"Sat",217,15000,0,0,9,152,"GC01"
2026-03-29,"Sun",182,15000,0,0,36,127,"GC01"
2026-03-30,"Mon",155,12000,0,1,33,77,"GC01"
2026-03-31,"Tue",191,10800,10,1,35,93,"GC01"
2026-04-01,"Wed",181,10200,15,1,54,95,"GC01"
2026-04-02,"Thu",199,10800,10,1,21,91,"GC01"
2026-04-03,"Fri",167,12000,0,0,54,89,"GC01"
2026-04-04,"Sat",226,15000,0,1,7,155,"GC01"
2026-04-05,"Sun",236,14250,5,0,10,167,"GC01"
2026-04-06,"Mon",162,12000,0,0,16,80,"GC01"
2026-04-07,"Tue",147,12000,0,0,60,72,"GC01"
2026-04-08,"Wed",171,12000,0,1,17,79,"GC01"
2026-04-09,"Thu",177,12000,0,0,2,89,"GC01"
2026-04-10,"Fri",198,10800,10,1,34,96,"GC01"
2026-04-11,"Sat",222,15000,0,0,15,156,"GC01"
2026-04-12,"Sun",180,15000,0,0,47,123,"GC01"
2026-04-13,"Mon",214,10200,15,1,13,112,"GC01"
2026-04-14,"Tue",181,12000,0,0,13,96,"GC01"
2026-04-15,"Wed",165,11400,5,0,58,88,"GC01"
2026-04-16,"Thu",223,10800,10,1,1,118,"GC01"
2026-04-17,"Fri",211,12000,0,0,14,104,"GC01"
2026-04-18,"Sat",250,12750,15,1,5,181,"GC01"
2026-04-19,"Sun",250,12750,15,1,14,177,"GC01"
2026-04-20,"Mon",175,11400,5,1,31,89,"GC01"
2026-04-21,"Tue",189,10200,15,1,29,91,"GC01"
2026-04-22,"Wed",169,11400,5,1,34,90,"GC01"
2026-04-23,"Thu",151,11400,5,0,39,67,"GC01"
2026-04-24,"Fri",222,10200,15,1,38,114,"GC01"
2026-04-25,"Sat",233,15000,0,0,7,164,"GC01"
2026-04-26,"Sun",207,15000,0,0,23,149,"GC01"
2026-04-27,"Mon",176,12000,0,0,17,93,"GC01"
2026-04-28,"Tue",203,10800,10,1,9,103,"GC01"
2026-04-29,"Wed",167,12000,0,0,36,86,"GC01"
2026-04-30,"Thu",171,12000,0,0,14,83,"GC01"
2026-05-01,"Fri",201,11400,5,0,24,96,"GC01"
2026-05-02,"Sat",234,15000,0,1,6,161,"GC01"
2026-05-03,"Sun",196,15000,0,0,48,137,"GC01"
2026-05-04,"Mon",173,12000,0,0,24,89,"GC01"
2026-05-05,"Tue",177,12000,0,0,25,93,"GC01"
2026-05-06,"Wed",138,12000,0,0,37,67,"GC01"
2026-05-07,"Thu",182,12000,0,0,12,85,"GC01"
2026-05-08,"Fri",207,10200,15,1,52,99,"GC01"
2026-05-09,"Sat",229,15000,0,0,13,169,"GC01"
2026-05-10,"Sun",231,14250,5,0,16,172,"GC01"
2026-05-11,"Mon",199,10800,10,1,22,97,"GC01"
2026-05-12,"Tue",200,10800,10,1,15,107,"GC01"
2026-05-13,"Wed",227,10200,15,1,11,106,"GC01"
2026-05-14,"Thu",173,12000,0,0,26,83,"GC01"
2026-05-15,"Fri",203,11400,5,0,19,110,"GC01"
2026-05-16,"Sat",250,13500,10,1,8,170,"GC01"
2026-05-17,"Sun",214,13500,10,1,42,155,"GC01"
2026-05-18,"Mon",164,11400,5,0,42,88,"GC01"
2026-05-19,"Tue",182,11400,5,0,24,86,"GC01"
2026-05-20,"Wed",202,10200,15,1,25,93,"GC01"
2026-05-21,"Thu",222,9600,20,1,6,97,"GC01"
2026-05-22,"Fri",199,12000,0,0,34,101,"GC01"
2026-05-23,"Sat",190,15000,0,0,45,121,"GC01"
2026-05-24,"Sun",250,12750,15,1,26,167,"GC01"
2026-05-25,"Mon",208,9600,20,1,31,92,"GC01"
2026-05-26,"Tue",162,12000,0,0,41,79,"GC01"
2026-05-27,"Wed",160,11400,5,0,51,88,"GC01"
2026-05-28,"Thu",218,10800,10,1,11,99,"GC01"
2026-05-29,"Fri",166,12000,0,0,54,75,"GC01"
2026-05-30,"Sat",229,15000,0,0,20,167,"GC01"
2026-05-31,"Sun",197,15000,0,0,36,137,"GC01"
2026-06-01,"Mon",149,12000,0,0,12,78,"GC01"
2026-06-02,"Tue",169,10800,10,1,34,80,"GC01"
2026-06-03,"Wed",145,12000,0,0,36,76,"GC01"
2026-06-04,"Thu",167,10800,10,1,33,78,"GC01"
2026-06-05,"Fri",183,10200,15,1,43,94,"GC01"
2026-06-06,"Sat",172,14250,5,0,38,114,"GC01"
2026-06-07,"Sun",206,15000,0,0,13,143,"GC01"
2026-06-08,"Mon",191,10200,15,1,20,106,"GC01"
2026-06-09,"Tue",144,12000,0,1,27,76,"GC01"
2026-06-10,"Wed",163,10800,10,1,39,87,"GC01"
2026-06-11,"Thu",144,11400,5,0,23,73,"GC01"
2026-06-12,"Fri",164,12000,0,0,25,76,"GC01"
2026-06-13,"Sat",194,14250,5,0,44,137,"GC01"
2026-06-14,"Sun",248,12750,15,1,19,176,"GC01"
2026-06-15,"Mon",159,12000,0,0,21,79,"GC01"
2026-06-16,"Tue",177,10800,10,1,4,87,"GC01"
2026-06-17,"Wed",161,11400,5,0,28,82,"GC01"
2026-06-18,"Thu",181,12000,0,0,5,93,"GC01"
2026-06-19,"Fri",172,12000,0,0,8,75,"GC01"
2026-06-20,"Sat",220,12750,15,1,38,157,"GC01"
2026-06-21,"Sun",213,14250,5,0,27,147,"GC01"
2026-06-22,"Mon",172,12000,0,0,7,82,"GC01"
2026-06-23,"Tue",186,11400,5,0,2,94,"GC01"
2026-06-24,"Wed",131,12000,0,0,47,66,"GC01"
2026-06-25,"Thu",177,10200,15,1,29,91,"GC01"
2026-06-26,"Fri",200,10800,10,1,15,93,"GC01"
2026-06-27,"Sat",181,15000,0,0,25,134,"GC01"
2026-06-28,"Sun",240,12750,15,1,1,174,"GC01"
2026-06-29,"Mon",153,12000,0,0,29,77,"GC01"
2026-06-30,"Tue",170,10200,15,1,43,91,"GC01"
2026-07-01,"Wed",157,12000,0,0,23,77,"GC01"
2026-07-02,"Thu",130,12000,0,0,46,64,"GC01"
2026-07-03,"Fri",181,12000,0,0,18,88,"GC01"
2026-07-04,"Sat",250,12000,20,1,7,173,"GC01"
2026-07-05,"Sun",232,13500,10,1,20,159,"GC01"
2026-07-06,"Mon",142,11400,5,1,36,69,"GC01"
2026-07-07,"Tue",167,10800,10,1,32,76,"GC01"
2026-07-08,"Wed",120,12000,0,0,62,58,"GC01"
2026-07-09,"Thu",154,12000,0,0,22,79,"GC01"
2026-07-10,"Fri",206,11400,5,1,9,109,"GC01"
2026-07-11,"Sat",202,15000,0,0,25,139,"GC01"
2026-07-12,"Sun",193,15000,0,0,25,143,"GC01"
2026-07-13,"Mon",163,12000,0,0,2,82,"GC01"
2026-07-14,"Tue",122,12000,0,0,37,66,"GC01"
2026-07-15,"Wed",177,12000,0,0,7,87,"GC01"
2026-07-16,"Thu",169,12000,0,0,12,81,"GC01"
2026-07-17,"Fri",186,12000,0,0,4,96,"GC01"
2026-07-18,"Sat",189,15000,0,1,33,139,"GC01"
2026-07-19,"Sun",191,12750,15,1,65,129,"GC01"
2026-07-20,"Mon",168,10800,10,1,29,78,"GC01"
2026-07-21,"Tue",119,12000,0,0,49,60,"GC01"
2026-07-22,"Wed",165,9600,20,1,48,85,"GC01"
2026-07-23,"Thu",175,10200,15,1,21,93,"GC01"
2026-07-24,"Fri",194,11400,5,0,1,90,"GC01"
2026-07-25,"Sat",249,13500,10,1,6,180,"GC01"
2026-07-26,"Sun",211,13500,10,1,36,143,"GC01"
2026-07-27,"Mon",134,12000,0,0,47,74,"GC01"
2026-07-28,"Tue",134,12000,0,0,19,64,"GC01"
2026-07-29,"Wed",163,10200,15,1,46,87,"GC01"
2026-07-30,"Thu",184,9600,20,1,34,89,"GC01"
2026-07-31,"Fri",180,11400,5,0,32,86,"GC01"
2026-08-01,"Sat",169,15000,0,0,52,120,"GC01"
2026-08-02,"Sun",162,15000,0,0,56,111,"GC01"
2026-08-03,"Mon",133,12000,0,0,30,69,"GC01"
2026-08-04,"Tue",155,11400,5,0,20,75,"GC01"
2026-08-05,"Wed",155,12000,0,0,13,82,"GC01"
2026-08-06,"Thu",130,12000,0,0,28,64,"GC01"
2026-08-07,"Fri",214,10800,10,1,10,109,"GC01"
2026-08-08,"Sat",188,15000,0,0,26,129,"GC01"
2026-08-09,"Sun",197,13500,10,1,34,126,"GC01"
2026-08-10,"Mon",145,11400,5,0,38,75,"GC01"
2026-08-11,"Tue",151,12000,0,0,20,80,"GC01"
2026-08-12,"Wed",137,12000,0,0,25,70,"GC01"
2026-08-13,"Thu",113,12000,0,0,49,60,"GC01"
2026-08-14,"Fri",150,12000,0,0,50,74,"GC01"
2026-08-15,"Sat",191,15000,0,0,28,135,"GC01"
2026-08-16,"Sun",206,15000,0,1,11,149,"GC01"
2026-08-17,"Mon",143,12000,0,0,33,76,"GC01"
2026-08-18,"Tue",145,12000,0,0,21,75,"GC01"
2026-08-19,"Wed",118,12000,0,0,49,58,"GC01"
2026-08-20,"Thu",170,12000,0,0,4,89,"GC01"
2026-08-21,"Fri",244,10200,15,1,7,106,"GC01"
2026-08-22,"Sat",206,15000,0,0,20,139,"GC01"
2026-08-23,"Sun",152,15000,0,0,61,105,"GC01"
2026-08-24,"Mon",153,12000,0,0,25,74,"GC01"
2026-08-25,"Tue",126,12000,0,0,37,59,"GC01"
2026-08-26,"Wed",147,12000,0,0,21,79,"GC01"
2026-08-27,"Thu",134,12000,0,1,44,64,"GC01"
2026-08-28,"Fri",200,10800,10,1,21,109,"GC01"
2026-08-29,"Sat",187,15000,0,0,13,126,"GC01"
2026-08-30,"Sun",180,15000,0,0,32,121,"GC01"
2026-08-31,"Mon",128,12000,0,0,43,68,"GC01"
2026-09-01,"Tue",,10800,10,1,16,94,"GC01"
2026-09-02,"Wed",,10800,10,1,30,77,"GC01"
2026-09-03,"Thu",,10800,10,1,20,98,"GC01"
2026-09-04,"Fri",,12000,0,0,48,71,"GC01"
2026-09-05,"Sat",,15000,0,0,15,130,"GC01"
2026-09-06,"Sun",,15000,0,1,55,120,"GC01"
2026-09-07,"Mon",,10200,15,1,52,82,"GC01"
2026-09-08,"Tue",,10200,15,1,38,74,"GC01"
2026-09-09,"Wed",,12000,0,0,28,76,"GC01"
2026-09-10,"Thu",,12000,0,0,51,62,"GC01"
2026-09-11,"Fri",,12000,0,0,49,74,"GC01"
2026-09-12,"Sat",,12000,20,1,16,165,"GC01"
2026-09-13,"Sun",,12750,15,1,14,178,"GC01"
2026-09-14,"Mon",,11400,5,1,3,95,"GC01"
2026-09-15,"Tue",,12000,0,0,13,77,"GC01"
2026-09-16,"Wed",,11400,5,1,53,74,"GC01"
2026-09-17,"Thu",,12000,0,0,40,77,"GC01"
2026-09-18,"Fri",,11400,5,0,12,87,"GC01"
2026-09-19,"Sat",,15000,0,0,45,115,"GC01"
2026-09-20,"Sun",,12750,15,1,12,176,"GC01"
2026-09-21,"Mon",,10800,10,1,19,80,"GC01"
2026-09-22,"Tue",,12000,0,0,31,74,"GC01"
2026-09-23,"Wed",,12000,0,0,68,49,"GC01"
2026-09-24,"Thu",,12000,0,0,21,74,"GC01"
2026-09-25,"Fri",,10800,10,1,20,100,"GC01"
2026-09-26,"Sat",,15000,0,0,24,136,"GC01"
2026-09-27,"Sun",,12000,20,1,13,174,"GC01"
2026-09-28,"Mon",,10200,15,1,53,80,"GC01"
2026-09-29,"Tue",,9600,20,1,7,114,"GC01"
2026-09-30,"Wed",,10800,10,1,0,94,"GC01"
